State,District,Latitude,Longitude,District code,Population,Male,Female,Literate,Male_Literate,Female_Literate,Workers,Male_Workers,Female_Workers,Main_Workers,Marginal_Workers,Non_Workers,Cultivator_Workers,Agricultural_Workers,Household_Workers,Other_Workers,Hindus,Muslims,Christians,Sikhs,Buddhists,Jains,Others_Religions,Religion_Not_Stated,LPG_or_PNG_Households,Housholds_with_Electric_Lighting,Households_with_Internet,Households_with_Computer,Rural_Households,Urban_Households,Households,Below_Primary_Education,Primary_Education,Middle_Education,Secondary_Education,Higher_Education,Graduate_Education,Other_Education,Literate_Education,Illiterate_Education,Total_Education,Sex_Ratio,Literacy_Rate
Andhra Pradesh,Adilabad,19.284513950073435,78.81321233480176,532,2741239,1369597,1371642,1483347,856350,626997,1323667,748939,574728,1066460,257207,1417572,363737,484912,84661,390357,2399901,275970,15422,1377,25510,617,322,22120,194954,566108,5512,45202,597466,220248,817714,232470,344167,281752,225957,143143,100226,19277,1346992,1030640,2377632,1001.0,54.11
Andhra Pradesh,Anantapur,14.312065561843148,77.4601584478577,553,4081148,2064495,2016653,2310960,1338474,972486,2036166,1208544,827622,1679655,356511,2044982,413253,879537,105343,638033,3599372,443456,20463,932,341,1417,309,14858,223016,897970,8606,48299,902997,341431,1244428,462273,720357,582075,331793,162175,144915,23341,2426929,1369069,3795998,977.0,56.63
Andhra Pradesh,Chittoor,13.33109263067696,78.92763898886037,554,4174064,2090204,2083860,2667878,1484794,1183084,1933357,1202223,731134,1669852,263505,2240707,434544,748093,57269,693451,3737588,397870,24129,867,253,1322,358,11677,324406,944555,13763,67087,907970,395900,1303870,522961,770836,673197,548336,265199,246409,36017,3062955,1170993,4233948,997.0,63.92
Andhra Pradesh,East Godavari,16.782718320784902,82.2432074720511,545,5154296,2569688,2584608,3288577,1716933,1571644,2093681,1545831,547850,1748117,345564,3060615,160407,1122046,57853,753375,4983330,77777,77825,738,413,4149,403,9661,479914,1297273,22411,93784,1199479,406362,1605841,669420,947606,797497,521562,271809,263023,47702,3518619,1524603,5043222,1006.0,63.8
Andhra Pradesh,Guntur,15.884925767634847,80.58657614107885,548,4887813,2440521,2447292,2960441,1634726,1325715,2381624,1442370,939254,2106326,275298,2506189,302341,1227956,47436,803891,4217597,559770,89763,764,323,3282,332,15982,648568,1186028,19383,80434,1069877,513113,1582990,736270,845810,674957,453446,246580,221924,30279,3209266,1474349,4683615,1003.0,60.57
Andhra Pradesh,Hyderabad,17.38971555555556,78.46668888888888,536,3943323,2018575,1924748,2892155,1542688,1349467,1413297,1045585,367712,1096081,317216,2530026,28308,23029,46157,1315803,2046051,1713405,87522,11446,1268,19560,1929,62142,581509,869721,149034,274653,0,1066289,1066289,230962,596591,685215,811501,517425,558090,45937,3445721,556902,4002623,954.0,73.34
Andhra Pradesh,Karimnagar,18.515483193277312,79.43765428571413,534,3776269,1880800,1895469,2206829,1257238,949591,1876768,1049463,827305,1590304,286464,1899501,360390,756859,168340,591179,3491139,244723,24979,2086,332,312,115,12583,344667,926768,8831,46584,877236,288044,1165280,340372,453505,482842,463403,293493,256633,35312,2325560,1280393,3605953,1008.0,58.44
Andhra Pradesh,Khammam,17.683921325051784,80.67008643892335,541,2797370,1390988,1406382,1630234,901640,728594,1410062,802906,607156,1215871,194191,1387308,224972,804537,19799,360754,2595321,158887,33463,655,217,459,539,7829,219710,668519,8628,42171,669262,201363,870625,295639,346118,329630,238811,154774,160804,25456,1551232,875272,2426504,1011.0,58.28
Andhra Pradesh,Krishna,16.143872753151673,81.14805061000413,547,4517398,2267375,2250023,3009718,1598959,1410759,2048880,1327299,721581,1744978,303902,2468518,150166,1006976,48444,843294,4023678,307043,145598,1393,863,6320,906,31597,632890,1163932,30438,101450,909292,567042,1476334,618101,692968,630603,531821,312753,328454,54728,3169428,1352499,4521927,992.0,66.63
Andhra Pradesh,Kurnool,15.43759715142429,77.90086836581717,552,4053463,2039227,2014236,2127161,1246369,880792,2029425,1164122,865303,1757520,271905,2024038,310954,1037302,60791,620378,3328380,670737,33165,737,255,2235,434,17520,195001,816721,10081,56478,783853,306982,1090835,521327,672951,466940,271828,152453,115504,19282,2220285,1517933,3738218,988.0,52.48
Andhra Pradesh,Mahbubnagar,16.639546224256293,77.98933089244859,538,4053028,2050386,2002642,1940646,1158386,782260,2082501,1140067,942434,1815643,266858,1970527,569142,931084,57846,524429,3673456,334172,21345,658,290,388,267,22452,136843,757821,6153,60812,848963,161052,1010015,419379,596134,441585,308575,169083,98227,16121,2049104,1604319,3653423,977.0,47.88
Andhra Pradesh,Medak,17.889304978038055,78.13778901903379,535,3033288,1523030,1510258,1637137,953406,683731,1442203,837874,604329,1195494,246709,1591085,353221,571129,67642,450211,2637313,342449,34301,1309,554,457,217,16688,163074,604719,8635,47170,593653,195479,789132,324267,503713,481984,373729,201928,127493,16466,2029580,1199818,3229398,992.0,53.97
Andhra Pradesh,Nalgonda,17.113250515463907,79.16984453608244,539,3488809,1759772,1729037,2001019,1160757,840262,1741693,976428,765265,1493419,248274,1747116,325224,863131,45124,508214,3249231,188646,35025,937,241,250,132,14347,228818,789225,7715,53777,833504,197433,1030937,369537,518669,471233,367424,238695,196134,27003,2188695,1294811,3483506,983.0,57.36
Andhra Pradesh,Nizamabad,18.429485849056604,78.07523490566035,533,2551335,1250641,1300694,1389810,790214,599596,1261076,684320,576756,1055965,205111,1290259,278102,448281,171311,363382,2123426,391596,19653,2357,1847,542,146,11768,186740,545913,5261,35036,565165,155133,720298,269487,421399,338668,396396,223365,141850,13382,1804547,1041862,2846409,1040.0,54.47
Andhra Pradesh,Prakasam,15.489039001601704,80.11665790176184,549,3397448,1714764,1682684,1904435,1107686,796749,1700567,991842,708725,1463508,237059,1696881,280029,889218,42603,488717,3150195,220654,18775,266,97,204,206,7051,290947,763746,6151,43611,873486,214089,1087575,489805,495556,368919,249034,142026,133627,21976,1900943,1218310,3119253,981.0,56.05
Andhra Pradesh,Srikakulam,18.570900998697432,84.25874814010675,542,2703114,1341738,1361376,1495381,857824,637557,1290288,766483,523805,936244,354044,1412826,165317,700833,34479,389659,2666950,9025,18879,193,77,160,106,7724,149554,615432,3988,32280,752752,149684,902436,291793,348354,319244,251521,146721,121213,21031,1499877,1009992,2509869,1015.0,55.32
Andhra Pradesh,Vizianagaram,18.28329696032972,83.45982854198873,543,2344474,1161477,1182997,1238388,707503,530885,1157962,679289,478673,953215,204747,1186512,212285,557254,27469,360954,2299129,16423,17853,380,114,815,183,9577,140361,527736,4453,24128,592458,157056,749514,250446,300057,257468,186576,115144,103591,27041,1240323,1031683,2272006,1019.0,52.82
Andhra Pradesh,Warangal,18.01752608695651,79.87422028985509,540,3512576,1759281,1753295,2065023,1179790,885233,1705655,960926,744729,1442197,263458,1806921,401646,758092,43550,502367,3273755,197333,31377,1453,253,569,126,7710,237349,828077,12952,59006,758738,288249,1046987,314252,457529,454322,430242,279234,248942,27663,2212184,1191252,3403436,997.0,58.79
Andhra Pradesh,West Godavari,16.63297943925236,81.45912990654196,546,3936966,1964918,1972048,2652389,1379223,1273166,1773112,1199338,573774,1534166,238946,2163854,155275,1061787,33861,522189,3733191,86142,109120,288,209,1578,211,6227,435334,1017568,12050,55613,1007255,248373,1255628,595331,718960,585595,415178,215863,207586,33329,2771842,1028767,3800609,1004.0,67.37
Arunachal Pradesh,Changlang,27.36048479338845,96.37552644628106,253,148226,76948,71278,73174,44027,29147,62966,39329,23637,50765,12201,85260,39732,4208,496,18530,47683,2134,35969,94,50381,95,11738,132,4762,14593,170,1486,33422,6498,39920,20425,22537,17354,10032,5641,3633,834,80456,57290,137746,926.0,49.37
Arunachal Pradesh,East Kameng,27.371194055944056,93.04741486013997,247,78690,38775,39915,38449,21599,16850,31710,16424,15286,27123,4587,46980,21835,1063,273,8539,12333,652,37136,36,452,23,27868,190,3583,5318,57,885,14503,5215,19718,11713,10487,8852,6213,4510,2330,142,44247,31763,76010,1029.0,48.86
Arunachal Pradesh,East Siang,28.15382352941176,95.06499226006191,251,99214,50116,49098,62576,34210,28366,40222,23591,16631,33578,6644,58992,20185,3565,493,15979,27854,2289,18254,69,776,30,49393,549,4866,14231,450,1582,19497,9524,29021,9938,13713,13968,10937,9498,6540,525,65119,21543,86662,980.0,63.07
Arunachal Pradesh,Kurung Kumey,28.04853351800553,93.24531994459834,256,92076,45318,46758,36606,20258,16348,38044,18429,19615,24372,13672,54032,27417,2947,833,6847,4859,471,51189,43,121,81,34158,1154,586,3911,95,969,18603,1092,19695,12661,15054,12264,6997,4353,2031,299,53659,42621,96280,1032.0,39.76
Arunachal Pradesh,Lohit,27.946785273972623,96.59670770547945,259,145726,76221,69505,83062,48380,34682,60945,38910,22035,50754,10191,84781,29909,7789,786,22461,99020,3846,10684,210,24452,104,7277,133,6549,17157,312,1471,33599,11372,44971,19306,25179,20643,13070,7612,5180,584,91574,52421,143995,912.0,57.0
Arunachal Pradesh,Lower Dibang Valley,28.32651730103806,95.76567335640142,258,54080,28053,26027,31849,18087,13762,22326,14102,8224,19829,2497,31754,9687,3354,233,9052,28915,2247,9213,33,2932,19,10393,328,3068,5932,207,742,12000,3950,15950,5875,7957,7351,5508,3570,2795,85,33141,14406,47547,928.0,58.89
Arunachal Pradesh,Lower Subansiri,27.70849297297297,93.96226108108112,255,83030,41843,41187,54057,29470,24587,30202,17339,12863,22669,7533,52828,13656,1968,435,14143,9551,1482,34402,27,193,13,37085,277,4211,12493,381,1598,18112,5365,23477,8492,10821,11661,9861,7674,5230,295,54034,17273,71307,984.0,65.11
Arunachal Pradesh,Papum Pare,27.273529716981127,93.54468183962264,248,176573,89182,87391,121048,65794,55254,65772,41263,24509,51157,14615,110801,14104,1859,1543,48266,57027,6148,84397,310,4768,139,22586,1198,22966,30539,2477,7418,20308,30180,50488,15368,21956,21376,20007,17342,13840,926,110815,30360,141175,980.0,68.55
Arunachal Pradesh,Tawang,27.680683962264148,91.82504245283016,245,49977,29151,20826,26073,17720,8353,28561,19554,9007,24430,4131,21416,7631,1581,114,19235,11842,787,776,1164,34920,72,349,67,3794,8635,96,494,10730,2452,13182,4904,4730,4029,2140,1989,1379,667,19838,19203,39041,714.0,52.17
Arunachal Pradesh,Tirap,26.94406229508198,95.41470327868862,254,111975,57604,54371,47974,29313,18661,50169,27545,22624,44262,5907,61806,35967,1811,836,11555,20682,1103,83361,61,778,43,5325,622,3104,16026,98,888,18420,6500,24920,13585,16989,12077,7834,4305,2134,182,57106,50628,107734,944.0,42.84
Arunachal Pradesh,Upper Siang,28.8309244897959,95.00155765306124,252,35320,18699,16621,18195,10723,7472,17644,9968,7676,14524,3120,17676,9976,804,591,6273,5261,411,5643,27,2577,7,20967,427,1504,6198,97,392,8569,2182,10751,3952,5584,4915,2935,2211,1349,46,20992,11209,32201,889.0,51.51
Arunachal Pradesh,Upper Subansiri,28.277196566523585,93.8991435622318,249,83448,41758,41690,45278,24807,20471,33370,17898,15472,25717,7653,50078,21690,1846,481,9353,13474,521,8779,28,297,11,59449,889,3123,5373,139,750,14542,4672,19214,10219,16118,15339,10348,8017,4276,473,64790,28364,93154,998.0,54.26
Arunachal Pradesh,West Kameng,27.46486582278483,92.65015750452083,246,83947,46155,37792,48492,29566,18926,42493,28313,14180,34752,7741,41454,14476,1705,801,25511,31265,1970,8466,328,36087,71,5556,204,7133,14188,202,887,17889,6306,24195,8836,10317,8428,5633,3987,2693,299,40193,25606,65799,819.0,57.77
Arunachal Pradesh,West Siang,28.106296920289843,94.53510344202908,250,112274,58168,54106,64746,36777,27969,49177,29156,20021,43000,6177,63097,28852,1384,298,18643,15881,2218,29969,577,3311,49,60005,264,6115,14204,303,1300,22272,8503,30775,14227,17675,15908,11441,8418,6030,521,74220,27956,102176,930.0,57.67
Assam,Barpeta,26.427872264631056,90.97912010178116,303,1693622,867004,826618,897058,499038,398020,561824,445297,116527,439453,122371,1131798,205259,98946,30342,227277,492966,1198036,1020,112,49,399,14,1026,50806,84804,2078,25286,447189,52192,499381,210607,307884,300845,121924,87377,46947,8007,1083591,664161,1747752,953.0,52.97
Assam,Bongaigaon,26.45012521994133,90.6734296187684,319,738804,375818,362986,434078,237114,196964,255806,197542,58264,191671,64135,482998,83442,47406,9485,115473,359145,371033,5924,384,236,871,9,1202,29937,49866,2523,12959,181923,38470,220393,93591,138294,133643,55924,35491,20221,2267,479431,260721,740152,966.0,58.75
Assam,Cachar,24.815570668693017,92.86849650455927,316,1736617,886284,850333,1174128,639946,534182,608062,469752,138310,471259,136803,1128555,120356,68664,24466,394576,1038985,654816,37635,280,341,1673,98,2789,62135,140205,5316,37541,346227,88933,435160,256855,447993,379469,156156,79766,45341,12951,1378531,357907,1736438,959.0,67.61
Assam,Darrang,26.58463215962442,92.04141338028155,325,928500,475273,453227,487039,268666,218373,324843,246864,77979,241456,83387,603657,129456,81617,10542,103228,327322,597392,1688,431,57,724,19,867,17676,45444,1166,12084,268517,20189,288706,119027,163277,161153,59039,47398,22267,3079,575240,375556,950796,954.0,52.45
Assam,Dhemaji,27.586533438485816,94.71336908517353,308,686133,351249,334884,423028,237761,185267,316800,186577,130223,201364,115436,369333,231937,19181,7224,58458,655052,13475,8711,297,911,167,6315,1205,16547,28195,1192,10410,211758,16504,228262,79107,138838,136371,80804,55399,28006,2868,521393,194984,716377,953.0,61.65
Assam,Dibrugarh,27.30612284482757,95.0998282327587,310,1326335,676434,649901,884531,491361,393170,560557,368013,192544,391597,168960,765778,135194,61209,14362,349792,1198401,64526,52968,2261,4673,1055,46,2405,76292,136685,8817,34479,299852,77163,377015,143189,243607,301287,139813,89500,59380,6984,983760,340744,1324504,961.0,66.69
Assam,Goalpara,26.017277777777807,90.59869891598912,302,1008183,513292,494891,563577,304302,259275,362573,267118,95455,266376,96197,645610,126549,75828,14346,145850,347878,579929,77862,771,194,477,103,969,21455,78641,1364,13524,228610,39504,268114,124700,213510,183904,73683,39885,18294,3464,657440,375071,1032511,964.0,55.9
Assam,Golaghat,26.377219709794485,93.82583397823468,313,1066888,543161,523727,721764,396475,325289,479928,309104,170824,331210,148718,586960,190590,66616,15068,207654,917426,90312,50582,1131,3863,530,1347,1697,40889,82345,3073,17636,292893,34190,327083,117393,223902,261192,111145,66197,36887,4084,820800,258897,1079697,964.0,67.65
Assam,Hailakandi,24.457496089385486,92.59154664804475,318,659296,337890,321406,407366,226836,180530,214240,170792,43448,165193,49047,445056,65673,31248,7313,110006,251194,397653,8480,84,490,247,636,512,11035,44143,1211,10615,159215,16202,175417,88596,177984,139029,50056,28504,11608,4265,500042,173306,673348,951.0,61.79
Assam,Jorhat,26.76244824016563,94.30197722567289,312,1092256,556805,535451,794929,432335,362594,498618,320746,177872,338635,159983,593638,145885,53153,31543,268037,1008219,54684,21051,1540,2378,719,578,3087,71639,122063,5651,26357,286330,80824,367154,99454,201680,295444,128050,97025,62608,8433,892694,209170,1101864,962.0,72.78
Assam,Kamrup,26.170939452054807,91.58863273972592,321,1517542,778461,739081,995319,550219,445100,628954,428492,200462,421244,207710,888588,185803,99522,69106,274523,877495,601784,33297,319,185,1330,55,3077,70272,122191,3109,23468,390596,43849,434445,163849,290097,353861,154831,118849,55011,6444,1142942,392678,1535620,949.0,65.59
Assam,Karbi Anglong,26.08966454598031,93.11536570271832,314,956313,490167,466146,557214,314253,242961,383441,246193,137248,260482,122959,572872,223020,60952,9861,89608,766000,20290,157789,370,6260,397,3568,1639,18763,53918,1923,11340,215691,37185,252876,109324,212224,199289,93137,40602,18225,3426,676227,310093,986320,951.0,58.27
Assam,Karimganj,24.69660712250711,92.3679498575498,317,1228686,625864,602822,795297,435942,359355,399171,319798,79373,293392,105779,829515,94348,67033,17435,220355,521962,692489,11990,114,446,524,110,1051,28261,70951,1933,24699,261945,32695,294640,198059,333885,257931,76685,39637,21408,7903,935508,303785,1239293,963.0,64.73
Assam,Kokrajhar,26.497246635730868,90.13997470997688,300,887142,452905,434237,489305,275220,214085,341131,236322,104809,253110,88021,546011,156753,56330,12423,115625,529068,252271,101091,93,1718,396,123,2382,15089,41373,1218,14063,204896,17115,222011,116899,166013,154715,78788,39571,17287,2733,576006,340601,916607,959.0,55.16
Assam,Lakhimpur,27.14128805970149,94.0775949253732,307,1042137,529674,512463,683486,375552,307934,429995,282250,147745,283533,146462,612142,239377,43922,10983,135713,797130,193476,46217,412,1074,250,2410,1168,32104,60296,1948,15011,293239,34694,327933,126950,212080,217497,107326,82885,44212,4731,795681,275677,1071358,968.0,65.59
Assam,Nagaon,26.26462170626351,92.9306191144708,305,2823768,1439112,1384656,1710716,921850,788866,979998,766728,213270,734993,245005,1843770,346123,196174,38122,399579,1225246,1563203,26844,3036,1073,1162,61,3143,89206,195631,5121,45956,674999,124186,799185,392616,638088,576214,199792,115864,66994,10351,1999919,873197,2873116,962.0,60.58
Assam,Nalbari,26.46323767605632,91.40598521126763,323,771639,396006,375633,531771,293184,238587,267623,210202,57421,196773,70850,504016,58070,34984,19302,155267,491582,277488,429,62,27,1004,9,1038,37849,68313,1631,12360,210706,28238,238944,75866,141690,192771,81507,71734,39368,3693,606629,188960,795589,949.0,68.91
Assam,Sonitpur,26.73514926829268,92.85197804878044,306,1924110,983904,940206,1108572,620525,488047,770606,537195,233411,558325,212281,1153504,249123,114865,25719,380899,1422824,350536,138166,1363,5088,1003,221,4909,70047,133368,4358,31254,483325,64528,547853,216097,416218,377653,141373,90385,49901,6412,1298039,627141,1925180,956.0,57.61
Assam,Tinsukia,27.53549291139241,95.69055949367085,309,1327929,680231,647698,798322,453449,344873,557196,366623,190573,410188,147008,770733,149482,47756,13241,346717,1181347,48373,76877,1999,16228,837,395,1873,70471,161718,5135,27948,290704,90910,381614,150893,266717,276292,109805,61040,38152,7353,910252,417081,1327333,952.0,60.12
Bihar,Araria,26.211528119180603,87.30766554934816,209,2811569,1463333,1348236,1195768,727643,468125,1069893,708391,361502,696410,373483,1741676,222913,691947,24367,130666,1593525,1207442,4116,371,187,1910,63,3955,17004,43290,2561,29796,659061,44213,703274,625357,426625,206161,112955,68177,39627,6938,1485840,1653766,3139606,921.0,42.53
Bihar,Aurangabad,24.774291867469877,84.45986024096379,235,2540073,1318684,1221389,1466002,868733,597269,837770,599157,238613,480286,357484,1702303,178525,426096,40652,192497,2291133,237353,2218,295,334,775,19,7946,24106,44456,2362,31168,428291,49006,477297,559512,482199,302662,253142,136783,91371,8329,1833998,784131,2618129,926.0,57.71
Bihar,Aurangabad,24.774291867469877,84.45986024096379,515,3701282,1924469,1776813,2503837,1430936,1072901,1575079,1015864,559215,1446636,128443,2126203,554518,396630,28033,595898,2545438,786677,15991,5142,309093,30981,1005,6955,246324,589477,23258,69937,551789,427343,979132,381695,686271,422964,537936,310762,253253,19101,2611982,819734,3431716,923.0,67.65
Bihar,Banka,24.832355642023337,86.8664916342413,225,2034763,1067140,967623,965321,590961,374360,771080,517817,253263,374097,396983,1263683,172440,462614,26680,109346,1772655,250925,6138,139,113,94,1035,3664,15459,62359,1704,22300,425604,18492,444096,408188,386707,196305,120653,63103,35767,3922,1214645,879831,2094476,907.0,47.44
Bihar,Begusarai,25.54302613168723,86.12560144032932,222,2970541,1567660,1402881,1548673,918507,630166,938182,715345,222837,591811,346371,2032359,146035,430870,58167,303110,2554330,407348,2209,402,229,276,57,5690,49493,120373,4644,43127,594377,139248,733625,577601,484502,291877,207136,144783,101836,14599,1822334,1242551,3064885,895.0,52.13
Bihar,Bhagalpur,25.277192885375477,87.04213814229242,224,3037766,1615663,1422103,1573066,937669,635397,983528,740056,243472,534129,449399,2054238,135161,475228,60461,312678,2487866,537098,3556,415,180,1050,32,7569,63241,174534,6764,46929,522527,130634,653161,614644,524322,300767,247079,154643,118843,16119,1976417,1139715,3116132,880.0,51.78
Bihar,Bhojpur,25.50666439393939,84.49407803030304,231,2728407,1430380,1298027,1599151,973486,625665,822493,640283,182210,512009,310484,1905914,190896,364875,47985,218737,2518216,197819,2165,544,647,1472,48,7496,45763,62153,3661,34658,434559,77368,511927,581580,605307,367059,313509,163303,131137,10630,2172525,1005140,3177665,907.0,58.61
Bihar,Buxar,25.48593018867924,84.08808081760995,232,1706352,887977,818375,989807,593544,396263,538322,402180,136142,328547,209775,1168030,132472,251790,26122,127938,1591454,105423,2125,248,5090,97,57,1858,27362,46760,1784,19324,299252,35405,334657,331675,420187,256124,178044,89306,64117,5224,1344677,457814,1802491,922.0,58.01
Bihar,Darbhanga,26.146187719298258,85.97387352472099,215,3937385,2059949,1877436,1816634,1125566,691068,1223640,947927,275713,731347,492293,2713745,236673,642115,44846,300006,3042729,881476,3534,832,245,236,101,8232,59510,127442,6280,53205,907174,95539,1002713,672797,490534,332382,224622,152540,129597,26073,2028545,2203198,4231743,911.0,46.14
Bihar,Gaya,24.7266541547278,84.94291217765044,236,4391418,2266566,2124852,2297613,1368803,928810,1664062,1076170,587892,1007057,657005,2727356,370759,783505,87178,422620,3876395,488121,3943,913,870,1723,108,19345,57738,112617,6856,57011,696289,111282,807571,902272,757690,447480,342254,191824,131163,12047,2784730,1953368,4738098,937.0,52.32
Bihar,Gopalganj,26.44874364161851,84.34636127167629,217,2562012,1267666,1294346,1382998,793905,589093,728201,539586,188615,363111,365090,1833811,208959,338666,26049,154527,2119262,436057,2463,271,167,133,28,3631,31193,69375,3707,33596,515925,38133,554058,540603,470828,291624,223776,123249,79109,7690,1736879,977719,2714598,1021.0,53.98
Bihar,Jamui,24.78418380462726,86.26316298200514,238,1760405,916064,844341,858588,534385,324203,727571,452288,275283,445352,282219,1032834,156491,331466,105637,133977,1525746,217621,8443,162,159,87,3438,4749,12984,32633,1839,22414,325909,30851,356760,420472,317612,153973,104211,56137,29633,3439,1085477,765297,1850774,922.0,48.77
Bihar,Jehanabad,25.155679045643165,84.9208124481328,239,1125313,585582,539731,618881,374412,244469,365378,266423,98955,251690,113688,759935,86108,179519,15075,84676,1045117,75742,691,148,248,60,58,3249,15507,27641,1106,11302,186660,28132,214792,211761,165906,117558,112966,68748,45519,3539,725997,495877,1221874,922.0,55.0
Bihar,Katihar,25.56565356037151,87.70466083591326,212,3071029,1600430,1470599,1280190,762256,517934,1013566,760522,253044,667602,345964,2057463,168857,672291,20577,151841,1684589,1365645,8659,2754,212,507,2141,6522,32570,60900,2941,27263,668232,69838,738070,472616,444260,237243,133811,88498,57114,11896,1445438,1705551,3150989,919.0,41.69
Bihar,Khagaria,25.53558891454964,86.56593256351037,223,1666886,883786,783100,768028,461153,306875,560805,398216,162589,306283,254522,1106081,104517,325731,20816,109741,1486989,175588,1253,143,79,86,115,2633,15401,40641,1580,21654,373696,21007,394703,350601,233494,130004,100555,65931,38697,5969,925251,903323,1828574,886.0,46.08
Bihar,Kishanganj,26.324336758321294,87.95045007235886,210,1690400,866970,823430,745056,439921,305135,529064,421192,107872,384416,144648,1161336,107862,321867,11633,87702,531236,1149095,5783,398,183,1476,28,2201,11715,58718,1093,14073,401793,43357,445150,356401,235779,89025,42778,25989,15386,3761,769119,945397,1714516,950.0,44.08
Bihar,Lakhisarai,25.183449321266963,86.12825701357468,227,1000912,526345,474567,507270,305182,202088,326576,240494,86082,201866,124710,674336,78532,159970,13546,74528,956396,40886,487,140,52,78,52,2821,12938,44491,1186,8862,175882,31763,207645,172076,149312,111684,85807,48001,27261,3814,597955,450967,1048922,902.0,50.68
Bihar,Madhepura,25.77341929460581,86.8978443983403,213,2001762,1047559,954203,834577,517666,316911,777546,496046,281500,443507,334039,1224216,190809,484062,16347,86328,1753829,241760,1342,170,60,133,81,4387,12302,23236,1397,23309,486278,24000,510278,340813,189431,114474,99437,79891,44955,6509,875510,1202278,2077788,911.0,41.69
Bihar,Madhubani,26.41380538172716,86.16328360450552,207,4487379,2329313,2158066,2155338,1340085,815253,1636938,1105947,530991,1074091,562847,2850441,396880,940642,54934,244482,3652168,818912,3262,564,328,442,169,11534,47090,113281,5319,65548,1047552,41234,1088786,783888,771417,520875,303114,170563,137780,11352,2698989,2003079,4702068,926.0,48.03
Bihar,Munger,25.198537962962963,86.54173672839504,226,1367765,729041,638724,801817,473741,328076,426658,327453,99205,233402,193256,941107,45953,196449,16690,167566,1252319,110416,1815,338,95,145,61,2576,49141,90461,2653,17946,222281,85782,308063,226699,158699,146414,147152,101907,64469,4394,849734,498676,1348410,876.0,58.62
Bihar,Muzaffarpur,26.18664417177915,85.32745092024543,216,4801062,2527497,2273565,2509232,1487117,1022115,1547586,1195308,352278,910304,637282,3253476,273436,769001,65253,439896,4032773,745546,5149,933,288,382,98,15893,87796,180651,10290,73012,998694,120700,1119394,1092952,743623,419433,299475,194920,138916,14475,2903794,1924438,4828232,900.0,52.26
Bihar,Nalanda,25.229345508982053,85.48053113772461,229,2877653,1497060,1380593,1519933,919558,600375,1045420,703405,342015,740949,304471,1832233,221240,534021,52585,237574,2669775,198033,1978,393,414,561,64,6435,43761,101378,4156,43848,514141,102522,616663,581978,486266,320839,274556,177358,133032,11159,1985188,1324385,3309573,922.0,52.82
Bihar,Nawada,24.825708836206903,85.61594568965519,237,2219146,1144668,1074478,1091012,659474,431538,817041,539439,277602,508509,308532,1402105,216400,397505,40018,163118,1964620,244394,1299,250,176,279,80,8048,20522,31162,1841,28411,379551,45323,424874,601011,368649,195072,161127,95943,64585,3130,1489517,1091439,2580956,939.0,49.16
Bihar,Pashchim Champaran,27.16064352201258,84.30265911949685,203,3935042,2061110,1873932,1759481,1091226,668255,1478947,999282,479665,797544,681403,2456095,217539,998833,38691,223884,3047427,865090,8469,926,1337,296,1895,9602,38414,57546,3495,41143,839514,96620,936134,1053481,543965,250243,159563,98732,70669,6035,2182688,1710878,3893566,909.0,44.71
Bihar,Patna,25.40297114503818,85.3198433587787,230,5838465,3078512,2759953,3459679,2028047,1431632,1881886,1436411,445475,1371267,510619,3956579,271216,658203,85349,867118,5356075,439952,12551,4803,1062,2151,203,21668,321307,546859,40692,132582,657991,552103,1210094,1244842,1095655,920051,698351,463361,452340,46126,4920726,2590473,7511199,897.0,59.26
Bihar,Purba Champaran,26.68129336734693,85.00382155612242,204,5099371,2681209,2418162,2276957,1407603,869354,1737539,1260774,476765,1132789,604750,3361832,349032,1057417,46164,284926,4086453,990349,4865,668,878,464,104,15590,52358,74979,7719,70258,1142260,101565,1243825,1280809,982506,450631,241118,121594,68781,5149,3150588,2142757,5293345,902.0,44.65
Bihar,Purnia,25.81714801901739,87.40447606973065,211,3264619,1699370,1565249,1332326,805261,527065,1143318,803275,340043,776385,366933,2121301,197424,745015,28840,172039,1989420,1255641,7989,614,353,1450,650,8502,33688,86058,4170,33664,712847,85749,798596,668690,360243,184327,119259,83226,59996,11116,1486857,1798786,3285643,921.0,40.81
Bihar,Rohtas,24.99170460829495,83.9350762672811,234,2959918,1543546,1416372,1799832,1061783,738049,924879,707939,216940,542439,382440,2035039,218087,405544,48512,252736,2645415,300487,2889,2569,1584,252,537,6185,41659,114893,4594,36279,512383,95678,608061,535187,548971,399053,333053,194928,161555,16006,2188753,876443,3065196,918.0,60.81
Bihar,Saharsa,25.821270696721303,86.54670819672135,214,1900661,997174,903487,804996,506374,298622,649898,456724,193174,363326,286572,1250763,164600,356833,18651,109814,1629254,266620,1292,197,60,109,8,3121,21651,41342,1668,19415,432651,38046,470697,348300,194897,104182,90182,64560,47051,6016,855188,1151349,2006537,906.0,42.35
Bihar,Samastipur,25.793205563909765,85.94833323308269,221,4261566,2230003,2031563,2142880,1293575,849305,1343400,1037576,305824,907433,435967,2918166,299039,721629,47917,274815,3800598,452370,2126,554,292,231,112,5283,46123,88021,5379,50918,1012979,43486,1056465,781038,710468,438908,284082,186153,129933,19126,2549708,1996651,4546359,911.0,50.28
Bihar,Saran,25.89656077844312,84.82266287425155,219,3951862,2022821,1929041,2157454,1285767,871687,1040231,857660,182571,545520,494711,2911631,232097,493461,42103,272570,3534772,406449,2330,371,229,322,107,7282,51822,94787,4509,37442,701323,76299,777622,793945,693465,433759,361171,213251,148065,9848,2653504,1313700,3967204,954.0,54.59
Bihar,Sheikhpura,25.12472436548223,85.77839390862943,228,636342,329743,306599,328676,196431,132245,224655,151569,73086,148002,76653,411687,54511,109696,9917,50531,596102,37653,313,75,41,43,31,2084,6803,20065,631,8873,108293,24345,132638,129673,110525,59529,52860,33856,19676,3399,409518,305609,715127,930.0,51.65
Bihar,Sheohar,26.458380748663107,85.29539411764709,205,656246,346673,309573,283698,171645,112053,216372,166693,49679,137804,78568,439874,38727,136334,9119,32192,552492,99342,522,216,73,52,44,3505,3983,10004,478,6698,158484,7516,166000,128209,91277,37063,25657,16031,10091,661,308989,348078,657067,893.0,43.23
Bihar,Sitamarhi,26.56570069686413,85.61172491289203,206,3423574,1803252,1620322,1436794,885188,551606,1114583,865929,248654,753645,360938,2308991,216012,635907,37932,224732,2672311,740101,2897,261,253,188,20,7543,39465,66263,3460,42461,807294,49670,856964,733380,394422,196321,136500,92783,70549,11936,1635891,1852765,3488656,899.0,41.97
Bihar,Siwan,26.1736372013652,84.33766552901022,218,3330464,1675090,1655374,1930175,1115906,814269,932416,730396,202020,462104,470312,2398048,264928,376344,31244,259900,2712635,608282,2618,369,407,359,86,5708,42384,52935,3834,37833,632514,41858,674372,689880,612635,445257,355277,186817,119164,12091,2421121,1207119,3628240,988.0,57.96
Bihar,Supaul,26.28157893772896,86.78496465201461,208,2229076,1155283,1073793,1033283,647672,385611,877682,551718,325964,472649,405033,1351394,201882,554271,22555,98974,1809936,409251,3758,271,136,546,42,5136,12111,51028,1845,25078,572287,27815,600102,467768,269737,157787,99530,69665,45726,5850,1116063,1220268,2336331,929.0,46.35
Bihar,Vaishali,25.8134703180212,85.39247597173153,220,3495021,1844535,1650486,1926740,1152576,774164,1060344,858648,201696,716006,344338,2434677,255017,502637,36958,265732,3152346,333980,2203,707,362,246,71,5106,47300,70001,4810,39564,699317,51494,750811,810191,487594,370247,291392,178320,124448,9094,2271286,1479152,3750438,895.0,55.13
Chandigarh,Chandigarh,30.7426,76.75872465753424,55,1055450,580663,474787,805438,465346,340092,404136,328159,75977,385929,18207,651314,2578,1687,4799,395072,852574,51447,8720,138329,1160,1960,246,1014,168344,231204,44283,78113,8911,289456,298367,80406,118667,114209,124707,98786,174528,20188,731491,184265,915756,818.0,76.31
Chhattisgarh,Bastar,19.393866751269048,81.52895126903546,414,1413199,698487,714712,650863,382335,268528,726531,404364,322167,394824,331707,686668,284472,287828,10821,143410,1277975,12413,27951,2099,985,3466,86925,1385,22075,157646,1782,9042,316425,54894,371319,183667,178766,139330,60936,57413,32895,3227,656234,729550,1385784,1023.0,46.06
Chhattisgarh,Bilaspur,22.356942982456143,81.99770350877188,30,381956,192764,189192,287620,155599,132021,205871,111543,94328,103406,102465,176085,127169,4138,2561,72003,371973,6984,236,2387,113,10,7,246,17262,79146,1574,6281,152458,11987,164445,35817,59489,53515,64730,45695,25474,3241,287961,65864,353825,981.0,75.3
Chhattisgarh,Bilaspur,22.356942982456143,81.99770350877188,406,2663629,1351574,1312055,1596560,932474,664086,1203197,715467,487730,826568,376629,1460432,276691,572292,21658,332556,2540763,57973,20745,6373,2979,2357,29122,3317,77727,519704,8566,30892,549632,188174,737806,382091,407692,337793,189296,152838,134637,19654,1624001,943112,2567113,971.0,59.94
Chhattisgarh,Dhamtari,20.554912627291245,81.7569195519348,412,799781,397897,401884,546833,303924,242909,402895,226382,176513,335368,67527,396886,135435,182602,7310,77548,777188,10425,2644,1196,667,3612,3685,364,14568,148926,1016,4804,168689,41792,210481,143128,148544,120146,65196,58875,31319,5096,572304,214637,786941,1010.0,68.37
Chhattisgarh,Durg,21.194463849287164,81.33181639511197,409,3343872,1682101,1661771,2303378,1284612,1018766,1496805,921729,575076,1206793,290012,1847067,392341,560415,22565,521484,3129745,83499,24304,24276,19587,17209,42569,2683,129193,614109,16141,51289,533448,349741,883189,463598,573291,497668,309508,286244,202424,30555,2363288,823501,3186789,988.0,68.88
Chhattisgarh,Jashpur,22.77286167664669,83.8703962075848,402,851669,424747,426922,495415,280656,214759,487360,263645,223715,291349,196011,364309,226866,197558,7553,55383,629509,15336,189588,474,467,694,14835,766,6628,76783,567,5755,205670,20722,226392,120768,137681,127299,64188,50562,26161,3166,529825,328438,858263,1005.0,58.17
Chhattisgarh,Korba,22.491712499999995,82.57604326923074,404,1206640,612915,593725,748759,433391,315368,521186,333329,187857,350314,170872,685454,113071,221806,7899,178410,1133176,30195,21059,3666,897,753,15649,1245,43357,202380,4544,18004,206598,126055,332653,178191,188303,168387,89167,83166,61215,11792,780221,410186,1190407,969.0,62.05
Chhattisgarh,Koriya,23.50412776859501,82.12515636363635,400,658917,334737,324180,397823,229923,167900,307071,185483,121588,173057,134014,351846,118498,94648,4830,89095,604259,25878,9398,1391,84,1155,15474,1278,25605,80023,1667,7609,121852,59763,181615,143413,109639,87969,47127,38677,26802,4134,457761,179639,637400,968.0,60.38
Chhattisgarh,Mahasamund,21.223727037773354,82.65925427435384,411,1032754,511967,520787,637963,364089,273874,499260,291858,207402,340802,158458,533494,139199,278073,6135,75853,1008061,12570,5284,2941,521,1495,1417,465,13200,212487,961,5614,274793,35774,310567,179770,194739,152183,78583,57949,33357,5951,702532,384764,1087296,1017.0,61.77
Chhattisgarh,Raigarh,22.008265068493166,83.27797698630134,403,1493984,750278,743706,951639,542756,408883,690167,429211,260956,484875,205292,803817,208313,323788,9959,148107,1422986,17332,47653,2117,781,409,1782,924,27771,297308,3342,13857,354278,66638,420916,246480,260661,210964,130700,93340,66358,8804,1017307,460166,1477473,991.0,63.7
Chhattisgarh,Raigarh,22.008265068493166,83.27797698630134,520,2634200,1344345,1289855,1939994,1059692,880302,1072969,753843,319126,858825,214144,1561231,206975,191182,32919,641893,2239370,227465,17452,7477,121791,12260,1159,7226,328277,547206,38570,96301,581868,377160,959028,231263,407662,335886,441072,221410,204507,19940,1861740,482420,2344160,959.0,73.65
Chhattisgarh,Raipur,20.88603153846152,82.20032759615388,410,4063872,2048186,2015686,2629749,1493158,1136591,1757664,1099964,657700,1259138,498526,2306208,383279,708993,34078,631314,3881485,103038,23181,16707,8397,17137,10680,3247,166505,728556,20261,59523,673499,395001,1068500,618508,664470,552373,313247,267265,227382,31483,2674728,1247434,3922162,984.0,64.71
Chhattisgarh,Surguja,23.32719278728607,83.23582493887531,401,2359886,1193129,1166757,1187941,694686,493255,1155807,649888,505919,622589,533218,1204079,465287,523356,12643,154521,2126195,81442,97432,2303,1287,623,48295,2309,29433,253131,2737,18983,525596,65167,590763,364452,338509,281260,135374,105992,64607,9524,1299718,991866,2291584,978.0,50.34
Daman and Diu,Daman,20.431616666666677,72.8392366071429,495,191173,124659,66514,150348,104316,46032,105521,94502,11019,101717,3804,85652,1845,481,409,102786,171537,16087,2618,169,216,244,79,223,25844,49249,1316,4543,10006,61073,71079,8957,28094,30406,26991,14170,9128,1995,119741,20641,140382,534.0,78.64
Daman and Diu,Junagadh,20.72568199498111,70.83985639899612,479,2743082,1404356,1338726,1842818,1046981,795837,1123709,801859,321850,942709,181000,1619373,367311,333996,9645,412757,2397056,334858,2586,1110,1291,3841,77,2263,144561,498326,6628,26991,489237,287506,776743,271762,700258,294811,311849,137505,139957,30127,1886269,669022,2555291,953.0,67.18
Goa,North Goa,15.548723418714054,73.80667997909038,585,818008,416677,401331,663060,351738,311322,327658,239125,88533,269437,58221,490350,15402,14120,8862,289274,622213,57941,134169,618,553,546,166,1802,132612,173951,23440,56266,115859,209230,325089,40968,101521,148792,153887,87513,86781,16601,636063,99538,735601,963.0,81.06
Goa,South Goa,15.195278658183785,73.941792596877,586,640537,322463,318074,502427,264085,238342,249590,180411,69179,206616,42974,390947,15952,12640,5846,215152,341664,63623,231961,855,542,563,92,1237,102191,138810,17624,44299,88620,162873,251493,29874,73039,119869,108989,64786,57460,9579,463596,88577,552173,986.0,78.44
Gujarat,Ahmadabad,22.605425564971743,72.23898135593227,474,7214225,3788051,3426174,5435760,3025463,2410297,2594952,2127547,467405,2332409,262543,4619273,142670,268954,54876,2128452,6042416,883238,50754,14542,4518,209287,2055,7415,965017,1456046,126341,273651,353169,1845383,2198552,761358,1614370,805199,1135058,549188,839295,100831,5805299,1129562,6934861,904.0,75.35
Gujarat,Amreli,21.04832649310872,71.43457637825426,480,1514190,771049,743141,995459,558180,437279,657139,453642,203497,529153,127986,857051,232126,209935,6083,208995,1410463,99105,919,415,243,2053,40,952,80378,273331,2538,12765,313714,116899,430613,230474,412251,120625,149478,66785,50999,8582,1039194,380595,1419789,964.0,65.74
Gujarat,Anand,22.282718206229863,72.57782051557454,482,2092745,1087224,1005521,1551253,874481,676772,844794,627561,217233,690031,154763,1247951,152412,346329,16460,329593,1798794,250919,29789,1524,267,8591,142,2719,147122,378310,9902,32523,413078,208909,621987,257524,560542,229013,283571,127459,110351,20487,1588947,360506,1949453,925.0,74.13
Gujarat,Banas Kantha,24.258538965517253,71.93205252873561,469,3120506,1610379,1510127,1704923,1048402,656521,1248600,836268,412332,1012080,236520,1871906,475585,350541,11812,410662,2890305,213505,1686,486,281,12659,83,1501,84832,396873,3424,23149,666773,137424,804197,366867,859436,159433,226765,105372,66950,14451,1799274,1207376,3006650,938.0,54.64
Gujarat,Bharuch,21.75787276237761,72.67326346710801,488,1551019,805707,745312,1118276,623047,495229,627124,468919,158205,526541,100583,923895,78120,253577,8902,286525,1188204,343511,9494,1733,442,4813,342,2480,121542,309091,10257,29531,300677,181319,481996,161675,367060,164765,188539,83895,74380,16036,1056350,273829,1330179,925.0,72.1
Gujarat,Bhavnagar,21.70219390341736,72.16272632761141,481,2880365,1490201,1390164,1887255,1087371,799884,1150632,838781,311851,992140,158492,1729733,231796,334025,17996,566815,2632574,212863,3457,1410,445,26974,127,2515,171327,500757,7297,28925,387251,356826,744077,422461,929286,266953,281250,96241,93391,13946,2103528,508664,2612192,933.0,65.52
Gujarat,Gandhinagar,23.193679790026252,72.67221679790026,473,1391753,723864,667889,1030494,582686,447808,534976,408075,126901,451951,83025,856777,104147,129356,8600,292873,1319586,57273,3237,1985,497,6405,82,2688,132683,262539,12107,33662,237624,195634,433258,136131,363156,133594,196456,95730,108400,16088,1049555,246993,1296548,923.0,74.04
Gujarat,Jamnagar,22.410600414263328,69.62062005768233,477,2160119,1114192,1045927,1396534,795140,601394,847440,646822,200618,721253,126187,1312679,264318,147193,11359,424570,1810443,320805,4392,1873,1086,18856,136,2528,142974,386538,11573,30384,347158,299167,646325,255785,491009,194057,199634,74029,87523,18573,1320610,502873,1823483,939.0,64.65
Gujarat,Junagadh,20.929523011609785,70.54733890140345,479,2743082,1404356,1338726,1842818,1046981,795837,1123709,801859,321850,942709,181000,1619373,367311,333996,9645,412757,2397056,334858,2586,1110,1291,3841,77,2263,144561,498326,6628,26991,489237,287506,776743,271762,700258,294811,311849,137505,139957,30127,1886269,669022,2555291,953.0,67.18
Gujarat,Kachchh,23.48057203301311,68.82192301497916,468,2092371,1096737,995634,1252319,739239,513080,776228,624704,151524,686937,89291,1316143,105876,183971,10802,475579,1608921,442355,6192,6353,490,25312,98,2650,140067,403294,9631,31961,488293,250982,739275,246956,469402,141345,157284,61366,60386,14062,1150801,581952,1732753,908.0,59.85
Gujarat,Kheda,22.88765312500002,73.018803515625,483,2299885,1185727,1114158,1660243,942480,717763,933983,674586,259397,722134,211849,1365902,239241,359842,12455,322445,2000884,264482,26629,1403,300,3479,82,2626,99982,372226,5710,24502,461479,160547,622026,295057,641541,250044,310341,148530,84223,19498,1749234,482078,2231312,940.0,72.19
Gujarat,Mahesana,23.529355452865065,72.45545194085031,471,2035064,1056520,978544,1502645,847499,655146,812064,588699,223365,698768,113296,1223000,189760,242969,10282,369053,1885732,136431,1954,1082,146,7087,88,2544,180985,385609,7759,33731,476005,183738,659743,260278,467128,183468,266108,139208,130723,27391,1474304,434497,1908801,926.0,73.84
Gujarat,Narmada,21.70666386292833,73.68403208722742,487,590297,301086,289211,370336,211767,158569,294795,174282,120513,193916,100879,295502,62823,188030,2594,41348,559848,22600,4413,147,80,373,2078,758,12997,101940,576,4081,138121,22248,160369,76197,146661,58188,52687,28396,14748,3451,380328,192780,573108,961.0,62.74
Gujarat,Navsari,20.866973318871995,72.86184869848157,490,1329672,678165,651507,1001909,539471,462438,591834,407881,183953,510004,81830,737838,112809,206608,7173,265244,1225087,78669,5733,2459,601,13386,2823,914,114620,267679,6726,24397,267739,141417,409156,145678,266733,140235,190861,112460,85041,26012,967020,261956,1228976,961.0,75.35
Gujarat,Panch Mahals,22.80435606837605,73.61984598290586,484,2390776,1226961,1163815,1440805,858054,582751,1097507,673565,423942,685141,412366,1293269,456768,376038,10771,253930,2220974,158513,2863,662,337,5236,131,2060,59096,398937,3456,19753,463363,104238,567601,255905,601358,205420,283648,139773,71810,17958,1575872,781582,2357454,949.0,60.27
Gujarat,Patan,23.80634198473284,71.75162977099237,470,1343734,694397,649337,837913,494631,343282,554830,383074,171756,446240,108590,788904,136590,227080,6392,184768,1194745,142797,916,337,66,3602,66,1205,66310,223424,2231,12870,301483,102655,404138,168990,364667,78731,129584,57494,46355,11111,856932,452891,1309823,935.0,62.36
Gujarat,Porbandar,21.55092351651571,69.71896987722886,478,585449,300209,285240,393678,221621,172057,231169,174118,57051,195437,35732,354280,65702,48964,2371,114132,549749,33565,500,248,91,515,38,743,41686,117040,1653,5639,96015,87557,183572,50588,150643,71637,63458,25119,22458,5260,389163,137119,526282,950.0,67.24
Gujarat,Rajkot,22.40603377715488,70.83679439383323,476,3804558,1974445,1830113,2725056,1514075,1210981,1479050,1159480,319570,1324783,154267,2325508,349357,214285,23780,891628,3397406,361388,5478,1918,1170,33591,269,3338,362140,747352,21785,67370,459474,721532,1181006,383780,913928,402240,540278,204306,266295,29924,2740751,738660,3479411,927.0,71.63
Gujarat,Sabar Kantha,23.71803594548552,73.13638790459964,472,2428589,1244231,1184358,1578734,918625,660109,1084878,681435,403443,795096,289782,1343711,366711,333867,10909,373391,2260560,148563,6375,614,168,11110,52,1147,99037,438606,5262,25425,544024,121509,665533,214062,597667,211423,333650,198963,110817,24745,1691327,665058,2356385,952.0,65.01
Gujarat,Surat,21.25761372772093,72.93488716344339,492,6081322,3402224,2679098,4571410,2687468,1883942,2553542,2142819,410723,2405288,148254,3527780,109549,325739,42040,2076214,5260193,660772,21052,5703,12902,112835,3920,3945,815423,1252452,55694,149331,369840,1529998,1899838,566242,1332690,807021,896927,433651,379505,79862,4495898,942150,5438048,787.0,75.17
Gujarat,Surendranagar,22.82672007299272,71.48358740875906,475,1756268,909917,846351,1093626,643221,450405,723500,504038,219462,586364,137136,1032768,185235,270861,9518,257886,1620282,109681,1419,512,312,22992,128,942,77857,302068,2975,15309,340788,159810,500598,234873,482679,165406,172947,61164,58389,14501,1189959,493427,1683386,930.0,62.27
Gujarat,The Dangs,20.801633877551023,73.6883518367347,489,228291,113821,114470,140968,77314,63654,118257,61329,56928,88038,30219,110034,64561,40486,1172,12038,203545,3593,20029,69,32,39,560,424,2029,29794,137,1393,52102,7516,59618,43639,59954,17736,14872,7560,3490,2215,149466,91160,240626,1006.0,61.75
Gujarat,Vadodara,22.26133739279589,73.49433010291594,486,4165626,2153736,2011890,2893080,1614087,1278993,1693473,1233312,460161,1360660,332813,2472153,312126,570361,17680,793306,3713941,384579,23813,9340,2069,27650,1124,3110,411734,798277,53606,117818,547454,692971,1240425,396624,865726,457662,504732,268451,314960,60177,2868332,910219,3778551,934.0,69.45
Gujarat,Valsad,20.44238231644259,72.9148584798345,491,1705678,887222,818456,1170657,655528,515129,743245,516188,227057,577327,165918,962433,147569,183025,11833,400818,1571147,94034,19661,1589,913,13809,1417,3108,137209,329218,11020,31285,262410,235981,498391,165459,303197,171712,212318,123281,90912,26987,1093866,405928,1499794,922.0,68.63
Haryana,Ambala,30.3503672316384,76.94970310734456,70,1128350,598703,529647,818025,461288,356737,372139,320120,52019,319475,52664,756211,52871,57293,15753,246222,955096,22143,3705,138202,381,4845,110,3868,121622,199681,12899,32767,175365,139891,315256,89558,170110,161844,163544,97980,91472,18727,793235,222031,1015266,885.0,72.5
Haryana,Bhiwani,28.728868064516128,76.02110225806452,81,1634445,866672,767773,1069871,643158,426713,623006,430678,192328,445675,177331,1011439,288543,103788,14855,215820,1611031,15515,873,2401,254,1016,26,3329,88938,266244,5292,25236,357047,99235,456282,186145,223049,198307,218631,148995,104875,13786,1093788,459364,1553152,886.0,65.46
Haryana,Faridabad,28.14873109756098,77.32718536585368,88,1809733,966110,843623,1272739,734940,537799,579229,476933,102296,495316,83913,1230504,27705,29288,32286,489950,1588407,161680,9743,34572,640,4883,249,9559,258422,333171,43437,82673,87700,382981,470681,137902,220384,198551,282666,178846,259933,27864,1306146,346567,1652713,873.0,70.33
Haryana,Fatehabad,29.57298318584072,75.54608716814157,78,942011,495360,446651,557578,327471,230107,369083,263498,105585,286258,82825,572928,132250,97997,6558,132278,779243,8360,996,150969,171,1172,530,570,51693,153301,3210,13142,203020,55360,258380,103541,136663,99948,93526,61476,37741,9504,542399,344534,886933,902.0,59.19
Haryana,Gurgaon,28.043894789579163,77.01935130260523,86,1514432,816690,697742,1111116,638666,472450,544716,432456,112260,487441,57275,969716,56046,27097,18228,443345,1408801,70842,9725,15097,944,7451,254,1318,238359,305751,67087,102343,141703,381988,523691,126920,177453,175370,219200,150120,233402,41366,1123831,263720,1387551,854.0,73.37
Haryana,Hisar,29.23628731117825,75.84324682779452,80,1743931,931562,812369,1114311,670200,444111,691621,488321,203300,531227,160394,1052310,261120,144213,16097,270191,1701061,21650,1945,12270,334,3620,33,3018,110495,285004,10132,33400,302013,154113,456126,197303,230074,194595,202792,144626,105346,19031,1093767,505251,1599018,872.0,63.9
Haryana,Jhajjar,28.59651868131869,76.61137142857145,83,958405,514667,443738,676091,399480,276611,326534,250020,76514,246457,80077,631871,112389,44845,9254,160046,945693,8247,734,1042,105,645,22,1917,70149,168558,5034,19241,211816,78328,290144,90737,109829,115794,145258,97457,58826,9387,627288,201028,828316,862.0,70.54
Haryana,Jind,29.45149821958457,76.29598575667653,77,1334152,713006,621146,832758,502049,330709,523422,368277,155145,385851,137571,810730,230387,102071,9114,181850,1276669,23016,889,29103,172,2594,56,1653,78386,222462,5263,23750,278335,89665,368000,136892,185626,151682,154773,107994,64599,14277,815843,419624,1235467,871.0,62.42
Haryana,Kaithal,29.96068539094649,76.37698930041155,73,1074304,571003,503301,646529,385782,260747,373899,292696,81203,290663,83236,700405,128016,85651,9450,150782,974520,8232,1769,87558,265,351,70,1539,62668,187349,3724,15301,231091,75696,306787,119345,158239,124682,117753,82297,51043,9111,662470,369869,1032339,881.0,60.18
Haryana,Karnal,29.703200647249204,76.87488025889972,74,1505324,797712,707612,978013,564516,413497,516062,411646,104416,411533,104529,989262,112288,133723,15311,254740,1341002,31650,2049,126207,532,1516,49,2319,143133,267223,11163,29253,292682,135920,428602,155839,231354,188040,183590,124790,101387,19186,1004186,429220,1433406,887.0,64.97
Haryana,Kurukshetra,30.05652659846548,76.78774680306903,72,964655,510976,453679,646893,370828,276065,336780,268556,68224,285904,50876,627875,68908,85890,6726,175256,805175,15970,1943,140395,214,375,106,477,90150,171908,7356,21951,203553,88268,291821,94530,145392,118107,120790,81964,71007,10999,642789,266638,909427,888.0,67.06
Haryana,Mahendragarh,28.1352161458333,76.14018072916659,84,922088,486665,435423,630255,380440,249815,338584,232935,105649,212402,126182,583504,149146,38320,7639,143479,913251,5660,301,1737,75,644,15,405,45359,135455,2624,13908,223726,44216,267942,94273,135849,126291,132765,94245,60296,10353,654072,245602,899674,895.0,68.35
Haryana,Panchkula,30.700897142857134,76.97173238095236,69,561293,299679,261614,405318,229862,175456,211479,164865,46614,182831,28648,349814,26682,12827,9870,162100,490702,23451,2583,40951,1008,1626,90,882,69687,103455,18615,32174,70895,93656,164551,45607,73584,60177,69163,48306,83256,8466,388559,119222,507781,873.0,72.21
Haryana,Panipat,29.34352134146342,76.92895914634147,75,1205437,646857,558580,786599,464136,322463,412318,328667,83651,339016,73302,793119,72120,62358,15824,262016,1083936,86622,2261,25064,289,4647,99,2519,121846,209965,10024,26719,173502,153804,327306,118873,170565,143466,141473,91756,75774,10977,752884,296212,1049096,864.0,65.25
Haryana,Rewari,28.19164714828897,76.55956007604564,85,900332,474335,425997,636947,375453,261494,337727,235326,102401,250219,87508,562605,102698,28215,9782,197032,889133,5713,701,1804,202,1525,12,1242,62667,152651,5121,18092,199449,69305,268754,81280,120860,122617,139646,95807,65143,9820,635173,206827,842000,898.0,70.75
Haryana,Rohtak,28.892517647058817,76.53123235294117,82,1061204,568479,492725,747582,436025,311557,345967,272646,73321,288949,57018,715237,95732,36568,8521,205146,1043887,8185,732,3916,200,3491,24,769,94633,193120,8482,27225,175203,131739,306942,117097,150903,140782,168499,109596,100346,21134,808357,248795,1057152,867.0,70.45
Haryana,Sirsa,29.63583446327684,74.90970480225988,79,1295189,682582,612607,782897,456968,325929,502003,369462,132541,399169,102834,793186,164297,147042,11952,178712,940255,9524,2186,338962,370,2256,624,1012,70538,215527,6287,22706,245476,93316,338792,141766,201349,153263,134559,83373,61620,16698,792628,412353,1204981,897.0,60.45
Himachal Pradesh,Bilaspur,31.3780422907489,76.65316079295157,30,381956,192764,189192,287620,155599,132021,205871,111543,94328,103406,102465,176085,127169,4138,2561,72003,371973,6984,236,2387,113,10,7,246,17262,79146,1574,6281,152458,11987,164445,35817,59489,53515,64730,45695,25474,3241,287961,65864,353825,981.0,75.3
Himachal Pradesh,Bilaspur,31.3780422907489,76.65316079295157,406,2663629,1351574,1312055,1596560,932474,664086,1203197,715467,487730,826568,376629,1460432,276691,572292,21658,332556,2540763,57973,20745,6373,2979,2357,29122,3317,77727,519704,8566,30892,549632,188174,737806,382091,407692,337793,189296,152838,134637,19654,1624001,943112,2567113,971.0,59.94
Himachal Pradesh,Chamba,32.66741814595661,76.39354063116366,23,519080,261320,257760,323842,186064,137778,294035,158791,135244,119632,174403,225045,196665,9193,4521,83656,479782,32455,1559,2745,1740,57,14,728,21458,96082,1615,5117,186395,13836,200231,56272,96789,67653,64515,40440,15506,3252,344427,154575,499002,986.0,62.39
Himachal Pradesh,Hamirpur,31.67668481012659,76.49767088607594,28,454768,217070,237698,358091,180555,177536,241931,118724,123207,126153,115778,212837,147103,8824,3347,82657,449412,3711,243,591,95,293,9,414,34978,104120,2521,7525,196116,15232,211348,37327,71107,72114,91184,64363,35620,5263,376978,72551,449529,1095.0,78.74
Himachal Pradesh,Hamirpur,31.67668481012659,76.49767088607594,168,1104285,593537,510748,653299,408125,245174,443655,308527,135128,290375,153280,660630,130314,181449,19876,112016,1010014,91269,814,196,74,41,273,1604,20175,55929,1196,11037,256081,55300,311381,159593,238344,211029,103334,59914,59612,4094,835920,364848,1200768,861.0,59.16
Himachal Pradesh,Kangra,32.14093603238864,76.41205910931173,24,1510075,750591,759484,1152640,606443,546197,675170,403756,271414,313915,361255,834905,303007,54849,15662,301652,1461140,19797,3023,8929,14511,194,208,2273,148361,330081,8053,22753,588321,39007,627328,127699,243617,223099,284124,192936,91236,13577,1176288,271892,1448180,1012.0,76.33
Himachal Pradesh,Kinnaur,31.60667184065933,78.51613736263741,34,84121,46249,37872,60699,36697,24002,56273,33863,22410,46782,9491,27848,32995,2537,944,19797,64732,448,485,249,18086,29,45,47,10740,17865,354,2563,44514,0,44514,9400,13749,11437,11140,7871,5118,713,59428,16944,76372,819.0,72.16
Himachal Pradesh,Kullu,31.90911922077925,77.40922649350647,26,437903,225452,212451,307672,174550,133122,269084,148829,120255,193876,75208,168819,197141,12372,2707,56864,415669,2974,1568,1396,15377,94,83,742,40064,91322,2623,7010,167995,20709,188704,48384,77363,61854,58122,39081,23168,2377,310349,103136,413485,942.0,70.26
Himachal Pradesh,Mandi,31.635805940594054,76.96556930693067,27,999777,498065,501712,723747,393669,330078,572671,297464,275207,284154,288517,427106,387944,15822,7134,161771,981412,9460,876,4081,2628,43,86,1191,59324,214491,5333,16401,431129,31696,462825,100052,159043,132147,180188,128549,54139,9350,763468,218570,982038,1007.0,72.39
Himachal Pradesh,Shimla,31.155725451807253,77.62573042168668,33,814010,425039,388971,612642,342846,269796,430926,258628,172298,311770,119156,383084,249786,26114,7967,147059,791449,11810,2025,4047,3262,185,197,1035,108888,172754,9177,24127,279269,95896,375165,69967,113536,113305,141490,95341,80414,9748,623801,137576,761377,915.0,75.26
Himachal Pradesh,Sirmaur,30.682764453961443,77.43184689507493,32,529855,276289,253566,362645,205617,157028,280083,169399,110684,193906,86177,249772,182958,10730,5313,81082,476830,33215,577,15501,2645,236,86,765,28904,91509,2220,8593,171102,21054,192156,57853,100123,78103,67080,38282,23352,4048,368841,140486,509327,918.0,68.44
Himachal Pradesh,Solan,31.03864311926604,76.94442140672783,31,580320,308754,271566,428578,244372,184206,298737,190001,108736,219235,79502,281583,141267,10283,4969,142218,548579,14678,1452,13926,574,591,110,410,53722,119866,5250,14478,192787,51509,244296,50331,89407,83992,95232,59363,36803,8280,423408,104084,527492,880.0,73.85
Himachal Pradesh,Una,31.58330388349513,76.18353932038836,29,521173,263692,257481,399715,213281,186434,215346,141612,73734,134482,80864,305827,84800,19604,3427,107515,480138,14275,390,26009,56,70,10,225,43809,105929,2412,8238,185091,20126,205217,51838,87913,81256,105204,60626,32120,5511,424468,87735,512203,976.0,76.7
Jammu and Kashmir,Doda,33.359614675767915,76.07163720136518,16,409936,213641,196295,219083,138620,80463,151912,101144,50768,79377,72535,258024,69947,12199,1932,67834,187621,220614,472,422,21,22,42,722,7963,61831,596,3077,122267,11350,133617,43794,47350,62719,48359,31416,12647,1846,248131,163565,411696,919.0,53.44
Jammu and Kashmir,Jammu,32.713199095022645,74.8477520361991,21,1529958,813821,716137,1137135,641916,495219,508622,417456,91166,410344,98278,1021336,68613,36873,10589,392547,1289240,107489,12104,114272,470,1987,321,4075,197168,294739,19905,46657,254566,248043,502609,135391,185962,253542,261852,159257,146501,30616,1173121,268279,1441400,880.0,74.32
Jammu and Kashmir,Kargil,33.565994894894914,76.63675315315312,4,140802,77785,63017,86236,56301,29935,51873,39839,12034,28941,22932,88929,8266,3763,1222,38622,10341,108239,604,1171,20126,28,4,289,3285,15824,235,1005,40370,7774,48144,12732,19083,20874,16938,9826,3077,408,82938,39854,122792,810.0,61.25
Jammu and Kashmir,Kathua,32.51781678321678,75.58901398601404,7,616435,326109,290326,389204,228499,160705,200431,161548,38883,142847,57584,416004,69533,21566,3952,105380,540063,64234,1828,9551,24,16,2,717,32772,109422,1443,6112,181374,33473,214847,69396,82715,106411,91522,47694,24330,4504,426572,181297,607869,890.0,63.14
Jammu and Kashmir,Pulwama,33.88414418604652,75.00921860465118,12,560440,293064,267376,293958,178326,115632,188420,138428,49992,98306,90114,372020,49746,34080,10615,93979,13840,535159,1109,9440,35,6,18,833,16828,73629,1537,5293,147520,21703,169223,36201,54808,73991,67368,40931,31286,5897,310482,190369,500851,912.0,52.45
Jammu and Kashmir,Punch,33.791241290322574,74.29593161290322,5,476835,251899,224936,261724,163333,98391,161393,117677,43716,73247,88146,315442,54264,31583,3930,71616,32604,431279,958,11188,83,10,2,711,13160,62900,346,3342,132139,15269,147408,55762,72024,69219,46062,29517,13962,1884,288430,164044,452474,893.0,54.89
Jammu and Kashmir,Srinagar,34.27312898550724,75.11021159420288,10,1236829,651124,585705,748584,431746,316838,407188,333151,74037,330547,76641,829641,12228,10408,20095,364457,42540,1177342,2746,12187,285,74,2,1653,138119,165403,16413,33831,4518,257721,262239,88911,173309,178723,176409,132727,121856,32114,904049,310225,1214274,900.0,60.52
Jammu and Kashmir,Udhampur,33.04770670731707,75.15286951219511,19,554985,296784,258201,322354,197543,124811,243672,163845,79827,152442,91230,311313,113020,11396,2641,116615,489044,59771,1962,3418,106,57,235,392,20008,73999,1214,5744,148664,34696,183360,58567,80129,86008,55024,29657,17345,4030,330760,194838,525598,870.0,58.08
Jharkhand,Bokaro,23.6814965034965,85.98398374125864,355,2062330,1072807,989523,1273520,759088,514432,685368,507677,177691,380304,305064,1376962,137521,126406,21671,399770,1636460,241451,13730,4174,1890,2045,160524,2056,67157,274726,9754,37997,250312,258452,508764,242467,338861,342646,232434,154076,116396,21157,1448037,595924,2043961,922.0,61.75
Jharkhand,Chatra,24.11619945750453,84.93295804701627,347,1042886,533935,508951,510061,303902,206159,397690,251213,146477,195502,202188,645196,119297,188513,14210,75670,903179,116710,6565,888,35,129,12936,2444,5307,27037,590,9115,200974,14528,215502,200861,161729,102033,63670,35342,21697,2046,587378,467975,1055353,953.0,48.91
Jharkhand,Deoghar,24.33070100755672,86.75697632241814,350,1492073,775022,717051,793538,489837,303701,551467,383691,167776,297146,254321,940606,128656,209693,39361,173757,1165140,302626,6027,143,188,282,16067,1600,26760,130193,1944,13550,257373,64337,321710,217460,266292,190171,96331,54419,43979,6699,875351,635544,1510895,925.0,53.18
Jharkhand,Dhanbad,23.854509090909097,86.40372924901185,354,2684487,1405956,1278531,1722204,1014950,707254,844504,658851,185653,546714,297790,1839983,97118,103488,25889,618009,2149480,431762,11243,9727,331,1268,77182,3494,83995,427173,11568,46646,258764,405455,664219,317918,501453,449506,305054,186697,107382,14615,1882625,662522,2545147,909.0,64.15
Jharkhand,Dumka,24.275006125574265,87.27662450229711,362,1321442,668514,652928,672409,406275,266134,624779,367108,257671,237479,387300,696663,193402,303084,23106,105187,1044726,106865,86404,234,267,162,78622,4162,11836,62110,1193,10396,303697,23281,326978,229157,229259,149009,69525,38383,25593,2697,743623,601078,1344701,977.0,50.88
Jharkhand,Garhwa,24.082114689265527,83.68664265536722,346,1322784,683575,639209,653476,405161,248315,571431,335451,235980,175126,396305,751353,113561,328673,14487,114710,1104475,194680,17168,123,371,20,4591,1356,6798,29373,565,8881,272872,19180,292052,207665,195565,147446,87844,46882,28144,2830,716376,557852,1274228,935.0,49.4
Jharkhand,Giridih,24.30578509874329,86.08710915619386,349,2445474,1258098,1187376,1253475,783736,469739,1036277,623946,412331,412912,623365,1409197,369913,362610,32544,271210,1856202,508586,14645,937,650,1503,59218,3733,16909,125431,1944,19976,452564,46886,499450,503261,443980,261309,146464,77540,55122,8449,1496125,1047685,2543810,944.0,51.26
Jharkhand,Godda,24.8189,87.2941735483871,351,1313551,677927,635624,604519,376212,228307,552191,344019,208172,235735,316456,761360,144603,307767,18719,81102,937126,289182,37795,97,128,115,47067,2041,7421,43230,874,11925,276454,15576,292030,217607,190777,126766,79430,47395,30870,4002,696847,653464,1350311,938.0,46.02
Jharkhand,Gumla,23.078532948929148,84.55056787479396,366,1025213,514390,510823,559720,321795,237925,487508,264774,222734,278931,208577,537705,321272,97918,12771,55547,309563,51429,202449,221,531,23,457468,3529,9108,31687,831,7807,216629,16445,233074,136719,242580,182260,82114,45613,23742,2913,715941,322119,1038060,993.0,54.6
Jharkhand,Jamtara,23.97873318077801,86.95325080091534,363,791042,404830,386212,426312,258260,168052,326631,214740,111891,122434,204197,464411,106008,135667,11547,73409,550560,164406,4419,520,118,783,68564,1672,5564,49419,808,4959,165555,20113,185668,131150,132014,85745,40613,22995,14802,1578,428897,366012,794909,954.0,53.89
Jharkhand,Latehar,23.72511185840708,84.48298743362837,359,726978,369666,357312,350682,209706,140976,313379,180106,133273,117311,196068,413599,103693,142729,9205,57752,473049,69808,47653,120,128,16,133525,2679,2177,38194,340,6240,146377,14137,160514,109491,121529,88787,46142,23885,13956,1017,404807,349277,754084,967.0,48.24
Jharkhand,Lohardaga,23.488796043165483,84.6605169064748,356,461790,232629,229161,259707,149568,110139,221332,121605,99727,103001,118331,240458,99780,80840,4449,36263,112378,95012,16770,51,33,15,235987,1544,8016,28769,351,2954,96759,14725,111484,82873,84920,63545,38503,21987,13847,976,306651,188323,494974,985.0,56.24
Jharkhand,Pakur,24.57260428082189,87.69691969178076,353,900422,452661,447761,352881,206989,145892,404584,234012,170572,252017,152567,495838,105334,150028,19471,129751,410127,322963,75865,356,283,222,88760,1846,5316,31414,328,4535,200588,16587,217175,100367,133770,79045,29934,15700,9822,1525,370163,548434,918597,989.0,39.19
Jharkhand,Palamu,24.196925968109337,84.20310842824594,358,1939869,1006302,933567,1024563,621706,402857,713175,473042,240133,283702,429473,1226694,133585,380976,19911,178703,1683169,238295,6164,734,188,284,5681,5354,17270,68238,2155,19981,355529,52375,407904,303053,296937,231565,160964,100290,63595,7117,1163521,803424,1966945,928.0,52.82
Jharkhand,Ranchi,23.184235061391547,85.31781937244203,364,2914253,1494937,1419316,1911433,1085244,826189,1142867,743967,398900,756176,386691,1771386,317487,267360,38452,519568,1612239,410759,193974,4826,932,2733,677445,11345,164237,350908,22538,76565,420740,310242,730982,361522,547583,495515,370847,247237,195181,28424,2246309,613855,2860164,949.0,65.59
Jharkhand,Sahibganj,24.93667989690721,87.68264097938142,352,1150567,589391,561176,483263,287303,195960,490202,295690,194512,322572,167630,660365,109975,206902,43179,130146,628044,398243,83208,198,245,125,38426,2078,11545,34879,591,9563,223450,37543,260993,146399,171416,110822,52248,28087,19832,2593,531397,637296,1168693,952.0,42.0
Jharkhand,Simdega,22.608760391198054,84.59193691931536,367,599578,300309,299269,343483,191991,151492,288645,159867,128778,155510,133135,310933,158019,90232,8011,32383,201524,15103,306601,51,753,114,73930,1502,3472,16865,423,4649,144169,11114,155283,82317,130068,97580,47836,24842,13674,1197,397514,191341,588855,997.0,57.29
Karnataka,Bagalkot,16.15860676328503,75.64526070853468,556,1889752,950111,939641,1113412,641388,472024,818081,511575,306506,676407,141674,1071671,196199,303243,44797,273842,1634229,219991,3433,443,412,25198,166,5880,49345,301389,3745,26297,324799,165858,490657,242336,385986,147397,171505,115095,82319,25791,1170429,608843,1779272,989.0,58.92
Karnataka,Bangalore Rural,12.936827087794448,77.47369314775169,583,990923,509172,481751,688749,385311,303438,459891,315499,144392,389989,69902,531032,127770,84108,19457,228556,890429,92252,5368,389,272,1045,85,1083,77454,214253,3729,17066,231052,95410,326462,100770,168165,126285,166677,82235,51015,10741,705888,205062,910950,946.0,69.51
Karnataka,Belgaum,16.16107219152853,74.72329042357275,555,4779661,2423063,2356598,3052032,1725548,1326484,2105668,1372422,733246,1734501,371167,2673993,711980,649517,60342,683829,4038331,528412,18418,2037,1086,178310,149,12918,240742,808827,17560,73497,962777,356198,1318975,544564,1057297,609600,532584,279583,201884,56621,3282133,1346776,4628909,973.0,63.85
Karnataka,Bellary,15.074377548209377,76.47228471074374,565,2452595,1236954,1215641,1421621,813440,608181,1116880,703258,413622,969388,147492,1335715,258080,406092,22832,429876,2103633,320834,14014,1029,284,8044,54,4703,114040,440374,9626,40190,371604,251876,623480,275785,529576,219702,203139,121453,89475,29367,1468497,787762,2256259,983.0,57.96
Karnataka,Bidar,17.950361730769224,77.19459961538459,558,1703300,870665,832635,1042673,597198,445475,702608,459050,243558,551763,150845,1000692,141302,280091,18095,263120,1289709,335184,35438,1145,30453,680,521,10170,34924,271439,3971,36072,287134,102269,389403,188998,474921,194233,181076,105347,54900,12885,1212360,515395,1727755,956.0,61.21
Karnataka,Bijapur,16.84015316666667,75.95909166666665,417,255230,128663,126567,86919,54076,32843,134525,71591,62934,69338,65187,120705,66504,49859,1399,16763,245151,1617,2709,68,1649,15,3793,228,1022,12516,117,1462,50449,7942,58391,25597,22787,14170,7192,6755,3421,147,80069,163278,243347,984.0,34.06
Karnataka,Bijapur,16.84015316666667,75.95909166666665,557,2177331,1111022,1066309,1248268,730566,517702,927722,580111,347611,760083,167639,1249609,262217,351600,25379,288526,1786830,369588,2433,558,374,8665,499,8384,58890,326594,4987,36571,396449,131041,527490,246391,430477,143199,182756,129109,96990,24569,1253491,746979,2000470,960.0,57.33
Karnataka,Chikmagalur,13.425288289676422,75.67626502311249,570,1137961,566622,571339,818345,438257,380088,565774,357889,207885,480229,85545,572187,155392,126600,8873,274909,1004553,101235,26000,182,109,4710,4,1168,74534,238505,4510,18727,311660,80766,392426,114570,257550,160083,177585,96470,72420,12631,891309,204371,1095680,1008.0,71.91
Karnataka,Chitradurga,14.29102220394736,76.57821957236843,566,1659456,840843,818613,1087392,607188,480204,856587,513311,343276,667479,189108,802869,286245,294337,26235,249770,1520553,128751,3175,322,84,3778,128,2665,60522,307257,5711,28897,349704,97644,447348,188329,332648,196470,217567,132435,75262,22078,1164789,452975,1617764,974.0,65.53
Karnataka,Davanagere,14.330414586709884,75.91723841166937,567,1945497,986400,959097,1308540,720637,587903,875207,585639,289568,705099,170108,1070290,230846,295873,31438,317050,1658465,265805,5420,307,164,6417,1743,7176,100812,372671,7320,39416,354680,176011,530691,242130,446793,206686,269748,154781,123863,32375,1476376,467414,1943790,972.0,67.26
Karnataka,Dharwad,15.343831376975173,75.13831264108359,562,1847023,937206,909817,1301664,711776,589888,784833,543776,241057,690948,93885,1062190,164279,207642,16463,396449,1390020,386834,28747,1486,715,29037,2748,7436,140584,347962,15013,49585,199707,283397,483104,252596,383041,185530,227113,143453,137768,34302,1363803,428556,1792359,971.0,70.47
Karnataka,Gadag,15.507128256880746,75.64861302752298,561,1064570,537147,527423,700177,397178,302999,495722,310412,185310,423451,72271,568848,127441,200310,15485,152486,907750,143665,3432,231,79,5993,74,3346,31959,198064,3373,15625,180066,111906,291972,121615,244640,112703,105150,63816,42053,12822,702799,306138,1008937,982.0,65.77
Karnataka,Gulbarga,17.070459515951594,76.87503850385033,579,2566326,1301755,1264571,1427368,828359,599009,1087028,680001,407027,844237,242791,1479298,220198,415267,25891,425672,2011014,513125,8344,826,9589,4865,330,18233,77334,404767,9752,52483,400704,199303,600007,177860,579057,270622,290570,153746,104256,20492,1596603,883704,2480307,971.0,55.62
Karnataka,Hassan,12.945098749999998,76.11049549999997,574,1776421,883667,892754,1225256,668836,556420,903580,560452,343128,752387,151193,872841,437034,165910,16126,284510,1630814,120011,15611,289,623,5820,3,3250,90599,400702,4851,23444,496103,132878,628981,182255,354480,232531,292369,147837,103152,27774,1340398,401227,1741625,1010.0,68.97
Karnataka,Haveri,14.737582809224318,75.3961230607966,564,1597668,819128,778540,1085443,603793,481650,730066,490731,239335,601951,128115,867602,203055,311263,20217,195531,1281878,297927,2406,419,68,9834,702,4434,41517,295937,2456,17819,315076,98488,413564,240925,430529,201965,158442,84357,55310,16830,1188358,383494,1571852,950.0,67.94
Karnataka,Kodagu,12.39684468085106,75.79336595744688,576,554519,274608,279911,412877,215302,197575,278938,172100,106838,258753,20185,275581,21174,15153,1549,241062,448986,87274,17130,139,126,250,220,394,40958,113931,3308,10758,181182,31792,212974,51287,111562,75291,86232,54939,43225,8251,430787,91352,522139,1019.0,74.46
Karnataka,Kolar,13.312799881235172,78.01376947743476,581,1536401,776396,760005,1016219,564110,452109,717872,454048,263824,584590,133282,818529,183057,201233,24178,309404,1305431,199873,26722,253,150,2494,92,1386,72407,309494,5051,27235,326567,151042,477609,138015,289841,228422,225498,107929,71422,17961,1079088,399089,1478177,979.0,66.14
Karnataka,Koppal,15.651253271028034,76.1617048598131,560,1389920,699926,689994,809085,468785,340300,654766,387974,266792,508089,146677,735154,163413,273016,18794,199543,1218024,161770,4081,296,85,2898,461,2305,31673,223166,2135,15263,272968,64681,337649,222140,357098,127605,113028,72243,43967,10431,946512,472182,1418694,986.0,58.21
Karnataka,Mandya,12.574901806239744,76.81570098522172,573,1805769,905085,900684,1149649,638668,510981,871408,575203,296205,714901,156507,934361,388981,216159,17834,248434,1712695,77801,8506,322,299,3607,109,2430,80452,391033,3367,20265,458867,103435,562302,145178,309476,226552,308624,157839,102838,19987,1270494,504734,1775228,995.0,63.67
Karnataka,Mysore,12.248100259403367,76.52881802853437,577,3001127,1511600,1489527,1962180,1063766,898414,1314268,921803,392465,1082108,232160,1686859,349337,311002,28162,625767,2631985,290549,39361,1255,16194,14419,493,6871,273706,640868,28397,80086,540596,380386,920982,207091,537686,404565,452412,222230,212541,26834,2063359,747237,2810596,985.0,65.38
Karnataka,Raichur,16.050795353982295,76.87368606194688,559,1928812,964511,964301,979769,577213,402556,903413,530373,373040,725985,177428,1025399,245299,383526,19095,255493,1634062,272022,10394,538,2265,4156,29,5346,51443,314547,5200,33903,330446,125402,455848,147743,385673,163709,153346,82082,50463,14622,997638,783126,1780764,1000.0,50.8
Karnataka,Shimoga,14.063845885634592,75.17882078103197,568,1752753,877415,875338,1263016,674938,588078,780598,534487,246111,652789,127809,972155,204493,246464,15087,314554,1479424,234664,26521,400,120,9234,367,2023,128087,363835,8791,35207,352444,201662,554106,191641,385978,292481,251095,132138,111753,18036,1383122,355222,1738344,998.0,72.06
Karnataka,Tumkur,13.592467760074973,77.02297966260545,571,2678980,1350594,1328386,1813391,1006024,807367,1354646,837512,517134,1078431,276215,1324334,505910,352286,54523,441927,2413812,245923,9130,477,187,5067,161,4223,116539,562769,7971,41751,685443,204799,890242,270373,500593,386998,423738,213588,143735,30687,1969712,686274,2655986,984.0,67.69
Karnataka,Udupi,13.450404228534568,74.72009990316337,569,1177361,562131,615230,926429,465704,460725,513241,335399,177842,459446,53795,664120,63143,63390,10580,376128,1009179,96740,65838,232,161,4534,155,522,83810,224814,9070,24817,269817,115572,385389,142493,286193,176260,178094,109663,107279,18444,1018426,204028,1222454,1094.0,78.69
Kerala,Alappuzha,9.542602965599087,76.38010796263319,598,2127789,1013142,1114647,1852797,890552,962245,804471,536738,267733,596387,208084,1323318,25237,71706,35865,671663,1460447,224545,435056,268,146,74,311,6942,274392,507913,28842,71593,331419,392117,723536,133039,334339,418953,573306,274789,198858,58096,1991380,163991,2155371,1100.0,87.08
Kerala,Ernakulam,10.004879301987431,76.26957729035381,595,3282388,1619557,1662831,2855676,1425723,1429953,1249343,913249,336094,1061388,187955,2033045,50423,71391,23976,1103553,1509557,514397,1248137,860,614,1176,1083,6564,499291,771287,88737,184167,369694,804997,1174691,212263,446380,554817,702511,389793,429880,113133,2848777,268315,3117092,1027.0,87.0
Kerala,Idukki,9.80480963855423,77.04586641566264,596,1108974,552808,556166,923010,471881,451129,516363,331710,184653,415947,100416,592611,100917,145698,6888,262860,541854,82206,481507,100,189,44,384,2690,54626,244844,8250,24863,391610,20823,412433,79149,166604,209398,261237,136428,86136,19252,958204,126589,1084793,1006.0,83.23
Kerala,Kannur,11.941523076923056,75.35209891725934,589,2523003,1181446,1341557,2138434,1012956,1125478,824116,609377,214739,694209,129907,1698887,36549,82988,12875,691704,1509592,742483,262526,424,1118,193,722,5945,115356,511167,32653,83940,306288,566191,872479,204713,487016,491844,540383,308670,217203,40277,2290106,279352,2569458,1136.0,84.76
Kerala,Kasaragod,12.33310309912974,75.07768497134369,588,1307375,628613,678762,1037492,516476,521016,462998,325095,137903,372700,90298,844377,23732,38774,24496,375996,729987,486913,87454,151,362,130,152,2226,74092,237670,10378,32484,251641,166164,417805,115476,268084,230416,238900,122657,76192,16585,1068310,212905,1281215,1080.0,79.36
Kerala,Kollam,8.929388820570157,76.6360775852431,600,2635375,1246968,1388407,2240273,1074345,1165928,912025,644362,267663,695299,216726,1723350,56693,92193,21511,741628,1697635,508500,421598,208,272,63,619,6480,263148,630767,31542,83133,523715,401415,925130,172247,406592,562529,595191,307950,233402,64052,2341963,231286,2573249,1113.0,85.01
Kerala,Kottayam,9.643701174068417,76.46059673302705,597,1974551,968289,1006262,1749798,861592,888206,735735,530322,205413,604553,131182,1238816,49991,63052,18523,604169,983598,126499,858608,204,358,83,565,4636,187213,464039,37849,83999,481967,196194,678161,117681,271496,373998,475724,280720,221350,52339,1793308,134393,1927701,1039.0,88.62
Kerala,Kozhikode,11.392924270557026,75.71158720159153,591,3086293,1470942,1615351,2615443,1266939,1348504,948981,752333,196648,754187,194794,2137312,26543,64198,13312,844928,1734958,1211131,131516,297,235,601,588,6967,145558,641660,36791,107602,323793,666543,990336,247996,564392,647221,630818,351267,250117,53166,2744977,335520,3080497,1098.0,84.74
Kerala,Malappuram,10.97329875666072,75.93910775606876,592,4112920,1960328,2152592,3311315,1597404,1713911,1062424,898157,164267,852047,210377,3050496,57567,117405,18423,869029,1135259,2888849,81556,205,179,68,579,6225,139994,730119,27909,119918,634543,522586,1157129,415601,770417,814285,933793,392867,203779,41344,3572086,622345,4194431,1098.0,80.51
Kerala,Palakkad,10.784926903553291,76.49980490693744,593,2809934,1359478,1450456,2239492,1122600,1116892,1042340,746121,296219,875540,166800,1767594,67805,249949,25035,699551,1875980,812936,114397,220,238,78,400,5685,178386,587583,27162,69440,665899,228442,894341,249198,492864,608176,572412,232109,180540,36370,2371669,439934,2811603,1067.0,79.7
Kerala,Thiruvananthapuram,8.537101759082221,76.88711502868073,601,3301427,1581678,1719749,2785408,1354857,1430551,1231669,864101,367568,921282,310387,2069758,38837,94470,28587,1069775,2194057,452915,630573,404,301,76,1082,22019,343590,783872,71621,155321,559293,609824,1169117,206328,460690,642470,682156,389161,381782,76129,2838716,309042,3147758,1087.0,84.37
Kerala,Thrissur,10.458932647907687,76.12321940836945,594,3121200,1480763,1640437,2678548,1282261,1396287,1095727,789511,306216,929506,166221,2025473,41786,73941,27883,952117,1823442,532839,757484,259,278,62,585,6251,338350,721625,56148,132774,336748,715119,1051867,222627,445696,524387,821831,362657,338600,71535,2787333,307665,3094998,1108.0,85.82
Kerala,Wayanad,11.715277464788736,76.07587007042254,590,817420,401684,415736,645585,328136,317449,340077,228639,111438,263445,76632,477343,52759,101630,4574,181114,404460,234185,174453,61,312,1797,286,1866,23028,149864,4712,15944,266183,11805,277988,65326,144896,137227,184266,87042,51111,8786,678654,131211,809865,1035.0,78.98
Madhya Pradesh,Anuppur,23.18184220430107,81.86560000000007,461,749237,379114,370123,436595,254120,182475,346471,207401,139070,227040,119431,402766,115448,130376,7051,93596,686524,21473,2132,606,86,1653,35434,1329,23388,81338,1290,7266,147388,60325,207713,113208,115716,93450,58536,42743,31646,3066,458365,271733,730098,976.0,58.27
Madhya Pradesh,Ashoknagar,24.63098846153845,77.82974493927134,459,845071,443837,401234,469109,290304,178805,315270,231829,83441,241288,73982,529801,116913,122387,10559,65411,778214,40707,635,8009,1352,15094,27,1033,15886,84720,619,6016,169606,37135,206741,148647,117053,62802,51499,29551,22791,3466,435809,359525,795334,904.0,55.51
Madhya Pradesh,Balaghat,21.80020720640569,80.42170053380796,457,1701698,842178,859520,1147623,626468,521155,893014,488610,404404,530506,362508,808684,257785,459796,19245,156188,1519384,38542,5295,1050,72162,4778,58064,2423,27283,277927,1712,13306,400074,70793,470867,290699,312640,235251,168635,126308,74213,7414,1215160,493415,1708575,1021.0,67.44
Madhya Pradesh,Barwani,21.702135714285724,74.91004719710673,441,1385881,699340,686541,549926,313642,236284,653897,365928,287969,525791,128106,731984,287704,267196,7451,91546,1318869,58222,2967,2361,416,2289,263,494,30115,181139,1158,8516,250358,48912,299270,157337,137116,74067,59100,42649,30754,2581,503604,825034,1328638,982.0,39.68
Madhya Pradesh,Betul,21.964626315789477,77.7873428189117,447,1575362,799236,776126,939769,529783,409986,786980,453887,333093,511287,275693,788382,253602,358157,11849,163372,1505745,37590,3271,1078,9651,3759,13048,1220,45270,230974,2109,13755,318945,87704,406649,239114,232532,176325,140402,105696,82761,5876,982706,603098,1585804,971.0,59.65
Madhya Pradesh,Bhind,26.35951126187245,78.7618324287653,420,1703005,926843,776162,1094917,676513,418404,520768,455775,64993,422111,98657,1182237,231185,158266,9838,121479,1595400,66776,973,4047,12215,19950,73,3571,32268,107819,1166,14368,271211,88385,359596,202629,261162,199044,140743,96011,50222,8059,957870,388473,1346343,837.0,64.29
Madhya Pradesh,Bhopal,23.480726143790854,77.39246623093679,444,2371061,1236130,1134931,1660690,920314,740376,867457,644960,222497,706036,161421,1503604,73346,105195,24732,664184,1755861,525434,23432,10789,21688,25950,335,7572,281442,452912,40788,94729,118893,581826,700719,229082,303171,287198,211371,178165,266618,30845,1506450,462581,1969031,918.0,70.04
Madhya Pradesh,Burhanpur,21.364567254408065,76.24460478589425,467,757847,388504,369343,408679,233073,175606,328339,211925,116414,274900,53439,429508,67799,156295,8077,96168,552526,180840,1199,1074,19883,1884,99,342,40478,112420,986,5058,115979,62861,178840,107547,119468,69765,57058,42618,28237,4761,429454,317962,747416,951.0,53.93
Madhya Pradesh,Chhatarpur,24.813637376460004,79.56449299191374,425,1762375,936121,826254,943033,572010,371023,751797,481518,270279,553862,197935,1010578,302228,238364,26390,184815,1676918,70351,1980,968,250,10409,102,1397,36506,176056,1880,15567,375869,95048,470917,270951,236054,160310,112961,77787,59704,7837,925604,770268,1695872,883.0,53.51
Madhya Pradesh,Chhindwara,22.227966971713823,78.76413136439254,455,2090922,1064468,1026454,1294198,731294,562904,957984,582263,375721,673845,284139,1132938,283111,422668,14585,237620,1923920,100692,4893,2258,24471,7830,25771,1087,73284,344875,3588,20034,413142,140802,553944,284113,336391,225747,215098,167946,112383,12141,1353819,663446,2017265,964.0,61.9
Madhya Pradesh,Damoh,23.76624407960196,79.47049303482588,428,1264219,661873,602346,747715,445737,301978,574595,367711,206884,389993,184602,689624,114611,250165,67383,142436,1186420,47966,1681,1096,119,25005,82,1850,23270,187731,1432,10504,303387,66514,369901,197917,217296,150040,95032,64414,41158,5260,771117,469038,1240155,910.0,59.14
Madhya Pradesh,Datia,25.90226439560441,78.63916571428574,422,786754,420157,366597,491445,303815,187630,321160,225662,95498,247229,73931,465594,152903,93744,6839,67674,747693,28483,683,490,7923,453,10,1019,17555,97696,616,5251,160453,43401,203854,132176,131372,88949,73398,48978,34853,4262,513988,260076,774064,873.0,62.46
Madhya Pradesh,Dewas,22.7851110021322,76.46088805970157,437,1563715,805359,758356,925369,550716,374653,742676,451501,291175,528526,214150,821039,260222,310606,11816,160032,1376591,174259,2355,2330,382,6497,72,1229,59521,270457,3518,16523,274995,101014,376009,242508,225380,149522,125772,94403,55383,4991,897959,565365,1463324,942.0,59.18
Madhya Pradesh,Dhar,22.572681718963157,75.1105620736698,438,2185793,1112725,1073068,1077338,638479,438859,1027974,597079,430895,783019,244955,1157819,385522,437437,15830,189185,2051219,116202,2261,1607,328,12199,88,1889,75637,349639,2388,18626,412348,103364,515712,262090,244058,164576,134279,99882,66721,6543,978149,1021851,2000000,964.0,49.29
Madhya Pradesh,Dindori,22.83738437047757,81.04332966714911,453,704524,351913,352611,378714,222759,155955,389925,203383,186542,250137,139788,314599,150084,190962,7958,40921,605435,6736,4238,260,61,687,84006,3101,4576,62372,554,6447,218021,9774,227795,103002,113875,84065,49277,31104,15179,1674,398176,295655,693831,1002.0,53.75
Madhya Pradesh,Guna,24.49043927178156,77.2235895968791,458,1241519,649362,592157,653980,400537,253443,514897,335454,179443,353671,161226,726622,213949,175615,12079,113254,1172248,49203,1208,3271,529,13474,52,1534,34184,144248,2482,11740,212765,72320,285085,197902,157141,84560,79924,50724,42147,6451,618849,578034,1196883,912.0,52.68
Madhya Pradesh,Gwalior,26.04074441964285,78.12782433035713,421,2032036,1090327,941709,1357210,803114,554096,685311,548820,136491,559845,125466,1346725,130586,120348,22592,411785,1835299,141735,4119,24790,4361,18058,217,3457,165061,306859,15779,46454,172720,272172,444892,235648,235924,204871,193082,166719,193947,23148,1253339,554486,1807825,864.0,66.79
Madhya Pradesh,Harda,22.227659781121783,77.07022571819435,448,570465,294838,275627,352550,203807,148743,230979,156852,74127,163781,67198,339486,68019,101256,6459,55245,527462,38640,683,676,93,1573,55,1283,22174,95066,986,5376,112714,31845,144559,90059,87733,60757,46556,31939,27126,3469,347639,177731,525370,935.0,61.8
Madhya Pradesh,Hoshangabad,22.595268801996703,78.02168094841929,449,1241350,648725,592625,810644,469199,341445,478082,345435,132647,361648,116434,763268,116440,181967,9982,169693,1175203,52269,4453,3127,1550,3888,107,753,61415,198076,2871,14456,209650,105746,315396,159703,183156,145076,119682,89589,84769,9279,791254,344492,1135746,914.0,65.3
Madhya Pradesh,Indore,22.680265752128648,75.9133801324502,439,3276697,1699627,1577070,2309130,1289631,1019499,1268195,939055,329140,1137251,130944,2008502,150907,185528,43584,888176,2728225,415142,18523,25696,11496,71667,720,5228,417170,593576,48691,111478,200371,587947,788318,428413,472233,384611,362209,300076,382658,36326,2366526,718174,3084700,928.0,70.47
Madhya Pradesh,Jabalpur,23.18525572327043,79.98328754716981,451,2463289,1277278,1186011,1756468,980307,776161,1005624,705970,299654,744287,261337,1457665,106882,283636,69946,545160,2159065,203652,23142,13256,4320,33728,21010,5116,192581,452023,20443,58601,272284,352477,624761,267932,352284,313910,268333,222987,235072,24872,1685390,540029,2225419,929.0,71.31
Madhya Pradesh,Jhabua,22.419578015397768,74.40921616766468,464,1025048,515023,510025,352081,214582,137499,515121,265489,249632,370641,144480,509927,329175,115649,5132,65165,960925,15733,38423,141,65,8871,388,502,16683,125411,744,5591,211080,24713,235793,98308,79781,40466,38236,28990,20240,1973,307994,775664,1083658,990.0,34.35
Madhya Pradesh,Katni,23.724416229116937,80.33819665871127,450,1292042,662013,630029,790773,460583,330190,543874,348410,195464,316144,227730,748168,112812,223902,31261,175899,1240650,37232,3158,1167,157,5342,2643,1693,38086,172416,2179,13094,276151,72880,349031,198447,207366,161727,112242,80935,53578,6658,820953,465374,1286327,952.0,61.2
Madhya Pradesh,Mandla,22.70348712446353,80.38600543633753,454,1054905,525272,529633,604962,348033,256929,559649,300235,259414,325159,234490,495256,148931,318909,9453,82356,849518,16558,12450,436,297,1789,170533,3324,18413,143803,912,9042,279674,37258,316932,156711,170994,115632,82166,58066,35476,4587,623632,376944,1000576,1008.0,57.35
Madhya Pradesh,Mandsaur,24.19278764044944,75.43588667736759,433,1340411,682851,657560,834591,502898,331693,679723,397714,282009,535066,144657,660688,281465,266350,8556,123352,1192588,125548,1120,849,242,19029,77,958,47723,239885,2324,12507,302287,81832,384119,244891,217234,149219,109751,77219,52546,4956,855816,467002,1322818,963.0,62.26
Madhya Pradesh,Morena,26.37313504531724,77.88447341389724,419,1965970,1068417,897553,1179685,747652,432033,675993,525329,150664,520970,155023,1289977,304674,148222,16354,206743,1875495,76159,1092,557,3234,6681,92,2660,45113,131486,1781,20172,319298,95288,414586,288979,285682,228234,170254,115790,71005,8265,1168209,706917,1875126,840.0,60.01
Madhya Pradesh,Neemuch,24.70311893333336,75.06608186666664,432,826067,422653,403414,508834,307889,200945,418682,245708,172974,358500,60182,407385,175602,136330,4020,102730,741288,67324,1508,1110,224,14165,115,333,34666,145258,1945,8342,174235,67962,242197,137656,127167,83189,69134,53465,42343,6119,519073,289113,808186,954.0,61.6
Madhya Pradesh,Panna,24.451325840092657,80.21133001158752,426,1016520,533480,483040,552559,332140,220419,431998,275375,156623,276633,155365,584522,135445,198847,12201,85505,974748,35214,418,186,37,4734,218,965,13285,76097,653,8501,256744,32179,288923,171707,134936,99251,70359,47903,29795,3052,557003,427997,985000,905.0,54.36
Madhya Pradesh,Raisen,23.292518206521724,78.16305495923909,446,1331597,700358,631239,820220,479093,341127,517838,370366,147472,370241,147597,813759,138725,228151,17316,133646,1195235,120331,1725,2262,253,10637,190,964,34499,194373,1141,9931,251272,74441,325713,237981,210402,144108,117908,69419,48384,4607,832809,444877,1277686,901.0,61.6
Madhya Pradesh,Rajgarh,23.785499026425583,76.66431223922116,442,1545814,790212,755602,804245,488797,315448,745603,429768,315835,471773,273830,800211,285095,330820,12123,117565,1433879,106928,1243,460,121,1599,50,1534,30688,231130,1611,12718,331894,69823,401717,239738,174381,103464,96386,72316,51499,4799,742583,706958,1449541,956.0,52.03
Madhya Pradesh,Ratlam,23.503562290502792,75.14895782122909,434,1455069,738241,716828,825880,485090,340790,690980,411446,279534,471139,219841,764089,218692,305946,11928,154414,1267043,151071,3996,1353,175,29353,123,1955,67830,213825,3644,14905,266716,107151,373867,224715,194131,129392,111461,86507,67192,5868,819266,622153,1441419,971.0,56.76
Madhya Pradesh,Rewa,24.861184625158856,81.57572465057183,430,2365106,1225100,1140006,1441757,845572,596185,991946,617184,374762,630251,361695,1373160,258321,463506,50878,219241,2268838,85414,1964,832,986,655,232,6185,45180,251132,3406,31194,523910,94489,618399,344362,330131,312931,206274,180635,122371,11438,1508142,766166,2274308,931.0,60.96
Madhya Pradesh,Sagar,23.800318709677374,78.71940357771273,427,2378458,1256257,1122201,1545719,908607,637112,1006035,682077,323958,779093,226942,1372423,203600,378560,140458,283417,2198297,103480,5580,4146,991,62992,168,2804,68482,366494,4546,24811,448408,165507,613915,347752,426916,297079,214137,137899,116753,14346,1554882,711804,2266686,893.0,64.99
Madhya Pradesh,Satna,24.62777621776502,80.75547048710598,429,2228935,1157495,1071440,1371781,801051,570730,911349,590487,320862,612510,298839,1317586,227967,371584,46056,265742,2158623,59471,2228,1163,364,3135,1689,2262,55196,294702,3754,22751,461831,114173,576004,338947,334635,309536,197373,148091,105499,16052,1450133,715509,2165642,926.0,61.54
Madhya Pradesh,Sehore,22.9297199679658,77.06780202883085,445,1311332,683743,627589,780362,469208,311154,586087,364559,221528,372150,213937,725245,201307,227026,9917,147837,1163607,137980,1404,640,357,6232,66,1046,30868,212138,1566,11166,270427,59220,329647,193885,179388,136284,120687,77541,50655,6755,765195,508396,1273591,918.0,59.51
Madhya Pradesh,Seoni,22.33230487804874,79.66053863928111,456,1379131,695879,683252,864194,485341,378853,684434,394660,289774,397575,286859,694697,173665,376404,11957,122408,1145052,79739,1857,360,7288,4982,135315,4538,26893,228695,1182,10417,335045,47542,382587,223650,241327,151636,116124,84398,55984,6427,879546,458811,1338357,982.0,62.66
Madhya Pradesh,Shahdol,23.44859864559819,81.4596831828442,460,1066063,540021,526042,604194,348761,255433,493057,292402,200655,240811,252246,573006,95795,258991,14329,123942,997073,42426,2372,912,268,1737,19448,1827,24255,113184,1733,10817,233594,57846,291440,161972,154282,128427,80402,60915,46513,5352,637863,422736,1060599,974.0,56.68
Madhya Pradesh,Shajapur,23.566620317220547,76.33555181268885,436,1512681,780520,732161,894612,543509,351103,717871,431857,286014,508833,209038,794810,287924,303157,8809,117981,1321003,174724,815,631,179,13755,66,1508,32204,232735,1382,10797,312611,73997,386608,271215,239081,141225,111366,75967,48671,3391,890916,544791,1435707,938.0,59.14
Madhya Pradesh,Sheopur,25.78014810996563,77.16911116838484,418,687861,361784,326077,328025,208201,119824,277455,183788,93667,196189,81266,410406,106745,115261,4166,51283,638702,41396,230,6387,201,379,40,526,11701,74770,273,5393,150146,26376,176522,90911,70840,43009,37072,24732,17091,1497,285152,393141,678293,901.0,47.69
Madhya Pradesh,Shivpuri,25.37802451874367,77.74861600810549,423,1726050,919795,806255,900846,573242,327604,759281,481001,278280,577723,181558,966769,383340,220440,13079,142422,1648749,51200,1117,7151,3421,12171,72,2169,35706,148128,1852,15304,367859,66759,434618,261087,214162,125117,84684,58509,44812,6218,794589,719547,1514136,877.0,52.19
Madhya Pradesh,Sidhi,24.17547189952905,82.1053783359498,462,1127033,575912,551121,600785,353030,247755,461760,284289,177471,275482,186278,665273,102644,262030,15654,81432,1077545,34419,511,128,92,93,12556,1689,9569,102228,837,10790,250953,25916,276869,185550,168224,129344,80312,60845,33067,3896,661238,477472,1138710,957.0,53.31
Madhya Pradesh,Tikamgarh,25.14099852104666,78.89357064846428,424,1445166,760355,684811,747940,459353,288587,655318,402776,252542,470432,184886,789848,305859,223852,15622,109985,1383475,44143,588,251,109,15569,39,992,21489,132725,1090,10899,322772,60220,382992,202448,188694,143231,78053,58245,35034,5340,711045,659348,1370393,901.0,51.75
Madhya Pradesh,Ujjain,23.319288862745065,75.80383717647058,435,1986864,1016289,970575,1240990,730817,510173,897442,569425,328017,682115,215327,1089422,289013,302003,19678,286748,1718204,233133,4659,3241,945,24622,211,1849,123526,323379,7501,27733,300765,188684,489449,286534,280030,178295,159263,119586,111290,13282,1148280,659279,1807559,955.0,62.46
Madhya Pradesh,Umaria,23.59601063063061,80.90879477477475,431,644758,330674,314084,356672,210907,145765,289691,175698,113993,138600,151091,355067,65369,145690,8767,69865,620515,15966,667,190,70,220,6028,1102,12713,67975,839,6360,138100,29966,168066,90791,94011,74854,43418,27216,18144,2784,351218,230782,582000,950.0,55.32
Madhya Pradesh,Vidisha,23.82838307984792,77.9013507604563,443,1458875,769568,689307,862918,512344,350574,550402,401583,148819,397283,153119,908473,168615,228308,12408,141071,1287391,149548,1313,914,295,18490,70,854,41617,181510,1926,12888,292579,83830,376409,242021,214603,123650,104007,65581,59814,6780,816456,512311,1328767,896.0,59.15
Maharashtra,Akola,20.746310479041902,77.12122320359276,501,1813906,932334,881572,1411281,758977,652304,768154,520362,247792,691025,77129,1045752,129680,388521,9660,240293,1107809,357253,4483,1504,328033,10205,389,4230,107463,314490,6163,24232,308158,196077,504235,231841,328367,275264,291391,205723,112574,15157,1460317,352687,1813004,946.0,77.8
Maharashtra,Amravati,21.16520991810736,77.67583503184723,503,2888445,1480768,1407677,2251875,1207104,1044771,1236322,837577,398745,1061544,174778,1652123,198793,667943,20998,348588,2055177,421410,7223,2242,383891,11360,3288,3854,175917,512492,9438,36185,508921,272894,781815,326195,468853,463051,525116,346876,203273,16148,2349512,478074,2827586,951.0,77.96
Maharashtra,Aurangabad,20.0979228832952,75.32072196796334,235,2540073,1318684,1221389,1466002,868733,597269,837770,599157,238613,480286,357484,1702303,178525,426096,40652,192497,2291133,237353,2218,295,334,775,19,7946,24106,44456,2362,31168,428291,49006,477297,559512,482199,302662,253142,136783,91371,8329,1833998,784131,2618129,926.0,57.71
Maharashtra,Aurangabad,20.0979228832952,75.32072196796334,515,3701282,1924469,1776813,2503837,1430936,1072901,1575079,1015864,559215,1446636,128443,2126203,554518,396630,28033,595898,2545438,786677,15991,5142,309093,30981,1005,6955,246324,589477,23258,69937,551789,427343,979132,381695,686271,422964,537936,310762,253253,19101,2611982,819734,3431716,923.0,67.65
Maharashtra,Bhandara,21.211792649727748,80.10950199637024,506,1200334,605520,594814,899860,488709,411151,597305,345054,252251,413838,183467,603029,123099,312183,17169,144854,1009352,26502,2145,831,154458,1017,3555,2474,55948,227025,2932,13165,283843,72575,356418,115150,187870,208902,204435,153749,67061,12452,949619,235524,1185143,982.0,74.97
Maharashtra,Bid,18.952353340080982,75.69319706477731,523,2585049,1349106,1235943,1718507,987185,731322,1255548,727819,527729,1154708,100840,1329501,606280,373566,21093,254609,2174672,320395,2097,824,68482,8719,399,9461,82098,402052,5614,29198,563114,135457,698571,309704,436446,280800,316758,206530,129996,11438,1691672,821607,2513279,916.0,66.48
Maharashtra,Buldana,20.56680611183355,76.39017880364096,500,2586258,1337560,1248698,1879874,1048892,830982,1219641,734024,485617,1107542,112099,1366617,385447,603227,13770,217197,1845424,354236,3531,1668,364229,12242,522,4406,103898,423036,4767,24877,575405,152787,728192,315408,457067,400342,406379,228266,113783,19619,1940864,600436,2541300,934.0,72.69
Maharashtra,Chandrapur,20.095609090909075,79.31556380471388,509,2204307,1123834,1080473,1578615,872565,706050,1058172,648565,409607,804433,253739,1146135,220978,473983,21346,341865,1780085,92297,10701,5251,286734,3861,23188,2190,172661,418666,8239,31419,451324,233331,684655,243773,316192,337320,351610,241179,126488,15040,1631602,516728,2148330,961.0,71.62
Maharashtra,Dhule,21.274018690400517,74.58719071837263,498,2050862,1054031,996831,1293916,723388,570528,936370,570448,365922,825875,110495,1114492,239139,429536,20646,247049,1825460,187901,3653,1422,13405,12818,912,5291,126138,315332,6065,27139,382777,146013,528790,200494,323641,208571,290656,182739,114931,14526,1335558,649568,1985126,946.0,63.09
Maharashtra,Gondiya,21.225008411214997,80.17522698598128,507,1322507,661554,660953,1004243,542837,461406,665419,383151,282268,433962,231457,657088,186509,281414,32525,164971,1153861,26157,1827,2160,125282,1568,5080,6572,38044,239981,2866,13595,319702,66813,386515,138457,237888,231153,225595,159570,57923,9620,1060206,256549,1316755,999.0,75.93
Maharashtra,Hingoli,19.59525302245251,77.09239412780653,512,1177345,606294,571051,790743,450551,340192,569182,330903,238279,514371,54811,608163,241613,226483,8268,92818,863199,127552,992,643,176679,5278,103,2899,27700,159114,1221,9676,242456,41913,284369,175736,266649,127246,136075,74544,38698,5932,824880,331388,1156268,942.0,67.16
Maharashtra,Jalgaon,20.8828943415638,75.55140421810695,499,4229917,2197365,2032552,2891882,1629223,1262659,1863571,1186472,677099,1643955,219616,2366346,384359,937174,38930,503108,3457615,560261,7091,3091,143865,27404,9662,20928,350029,720791,14297,56775,796223,373565,1169788,482462,735730,532587,627198,375643,229987,31008,3014615,1003050,4017665,925.0,68.37
Maharashtra,Jalna,19.984612534818933,75.98473607242339,514,1959046,1011473,947573,1195523,699428,496095,930886,545030,385856,844492,86394,1028160,418952,300937,16705,194292,1504641,274221,12542,1629,152540,9619,336,3518,60219,288895,3791,17236,404746,98084,502830,271061,422207,218189,225331,120715,64060,9724,1331287,545980,1877267,937.0,61.03
Maharashtra,Kolhapur,16.44881301587301,74.12897150793648,530,3876001,1980658,1895343,2825845,1559760,1266085,1704054,1125204,578850,1508563,195491,2171947,660872,266028,59932,717222,3379906,286558,15573,1570,29766,154882,1274,6472,340318,770005,22269,71879,796496,382818,1179314,321457,622362,487227,698604,395234,335413,40828,2901125,778000,3679125,957.0,72.91
Maharashtra,Latur,18.348687268993856,76.75812607802874,524,2454196,1273140,1181056,1650672,932432,718240,1046857,670018,376839,964177,82680,1407339,331780,416578,17663,280836,2006984,367664,2387,935,66535,6387,310,2994,96018,381722,6217,29758,428616,157016,585632,268627,423711,296910,380344,224998,153256,18106,1765952,596213,2362165,928.0,67.26
Maharashtra,Nagpur,21.196556862745105,79.02166176470584,505,4653570,2384975,2268595,3673808,1959220,1714588,1868560,1334211,534349,1654778,213782,2785010,206606,423587,52419,1185948,3492202,390974,34667,20469,668050,24528,12181,10499,599780,917626,57964,135750,430844,877522,1308366,325084,666693,812381,790443,542228,493236,73475,3703540,601547,4305087,951.0,78.95
Maharashtra,Nanded,19.209316983017,77.6829048951049,511,3361292,1730075,1631217,2189425,1255222,934203,1493953,925232,568721,1317791,176162,1867339,447823,632395,29158,384577,2501741,471951,3902,13540,354189,5049,1273,9647,116284,488748,7548,43055,591119,230563,821682,416869,691348,368723,416761,255650,156225,21729,2327305,884626,3211931,943.0,65.14
Maharashtra,Nandurbar,21.523175625248147,74.32638757443429,497,1648295,833170,815125,906509,512099,394410,792065,442898,349167,664193,127872,856230,211672,438176,14599,127618,1521618,96182,8467,685,4969,6191,2907,7276,54335,186202,2579,17047,333440,71572,405012,166664,218718,121404,160961,113019,58461,9248,848475,790613,1639088,978.0,55.0
Maharashtra,Nashik,20.266912871287143,74.03824168316828,516,6107187,3157186,2950001,4345366,2397538,1947828,2763328,1746286,1017042,2523023,240305,3343859,967385,730228,56132,1009583,5237009,693052,23946,8912,94783,38212,1795,9478,536781,904710,45039,138887,904661,764271,1668932,544346,1038955,851714,830070,485052,373100,97219,4220456,1481778,5702234,934.0,71.15
Maharashtra,Osmanabad,18.19459456066944,75.99495575313809,525,1657576,861535,796041,1137810,644304,493506,773916,473795,300121,701894,72022,883660,297361,299525,19831,157199,1437623,178925,942,340,28216,4530,195,6805,49180,240042,3209,18183,367158,77832,444990,183972,300965,201646,260772,139479,96847,9913,1193594,440363,1633957,924.0,68.64
Maharashtra,Parbhani,19.31032425249168,76.70163338870431,513,1836086,942870,893216,1157814,666291,491523,822797,501422,321375,756417,66380,1013289,295030,317806,13210,196751,1328385,306364,2081,1371,187899,6238,262,3486,59272,272486,3982,21196,293480,133759,427239,229217,396713,204316,229103,116041,81333,9703,1266426,552643,1819069,947.0,63.06
Maharashtra,Pune,18.51696171428573,74.12922881632647,521,9429408,4924105,4505303,7171723,3940210,3231513,4048993,2809816,1239177,3751221,297772,5380415,886530,414461,105711,2642291,8090254,673704,134192,27090,340404,127786,9873,26105,1410448,1925019,235018,490260,1165718,2056739,3222457,559840,1234549,1383055,1414563,867256,1086650,190336,6736249,1353077,8089326,915.0,76.06
Maharashtra,Raigarh,18.453257637845976,73.0090609418579,403,1493984,750278,743706,951639,542756,408883,690167,429211,260956,484875,205292,803817,208313,323788,9959,148107,1422986,17332,47653,2117,781,409,1782,924,27771,297308,3342,13857,354278,66638,420916,246480,260661,210964,130700,93340,66358,8804,1017307,460166,1477473,991.0,63.7
Maharashtra,Raigarh,18.453257637845976,73.0090609418579,520,2634200,1344345,1289855,1939994,1059692,880302,1072969,753843,319126,858825,214144,1561231,206975,191182,32919,641893,2239370,227465,17452,7477,121791,12260,1159,7226,328277,547206,38570,96301,581868,377160,959028,231263,407662,335886,441072,221410,204507,19940,1861740,482420,2344160,959.0,73.65
Maharashtra,Ratnagiri,17.210195070127703,73.25725893866404,528,1615069,761121,853948,1199392,619012,580380,714076,407008,307068,554973,159103,900993,296913,153117,17230,246816,1307211,187197,1990,230,113467,3347,95,1532,100860,367352,7752,31062,538538,100824,639362,163025,378554,269872,247257,111600,65700,15429,1251437,319622,1571059,1122.0,74.26
Maharashtra,Sangli,17.154930181086502,74.70713822937628,531,2822143,1435728,1386415,2049467,1121550,927917,1215104,800214,414890,1074948,140156,1607039,480554,290693,40824,403033,2440312,239607,9098,1260,38210,87453,769,5434,227034,485126,13212,49056,626872,226801,853673,208511,507318,459156,453404,244804,214003,36983,2124179,579039,2703218,966.0,72.62
Maharashtra,Satara,17.6737908974359,74.18052064102558,527,3003741,1510842,1492899,2225694,1201034,1024660,1354947,844805,510142,1184407,170540,1648794,585876,297241,39772,432058,2691952,146970,4408,1182,141315,12810,676,4428,271186,562653,14093,57423,774522,200949,975471,288427,495822,407977,556706,299993,243457,20884,2313266,545423,2858689,988.0,74.1
Maharashtra,Sindhudurg,16.170948049777163,73.51329008172343,529,849651,417332,432319,666067,348289,317778,347178,229676,117502,226538,120640,502473,124812,81816,9679,130871,780384,26264,15471,219,24762,1046,53,1452,42540,194228,3517,15721,295847,44989,340836,86480,165284,134734,175070,89023,48418,3451,702460,121922,824382,1036.0,78.39
Maharashtra,Solapur,17.837357937584812,75.42394823609216,526,4317756,2227852,2089904,2910676,1651266,1259410,1898395,1206933,691462,1763175,135220,2419361,637250,558334,71106,631705,3795424,441254,9882,1279,35497,28134,568,5718,248255,595560,15145,59296,779929,376302,1156231,390337,788150,535848,643327,328020,236302,29051,2951035,976795,3927830,938.0,67.41
Maharashtra,Thane,19.698767747440264,72.79882742564581,517,11060148,5865078,5195070,8227161,4591396,3635765,4492767,3363123,1129644,3930511,562256,6567381,349931,418004,124461,3600371,8716055,1355630,280700,39149,449617,172052,9862,37083,1610460,2231800,256170,551643,713994,2904157,3618151,712171,1530916,1588196,1751284,1080597,961719,114453,7739336,1692022,9431358,886.0,74.39
Maharashtra,Wardha,20.80743024390242,78.57259105691062,504,1300774,668385,632389,1019458,552617,466841,608235,392316,215919,529623,78612,692539,132989,282170,13785,179291,1057096,53854,2696,2147,175417,5663,2254,1647,114029,266155,4313,16260,268486,120218,388704,140470,186781,201471,225208,158055,93772,7017,1012774,212054,1224828,946.0,78.37
Maharashtra,Washim,20.282282394366213,77.25502394366208,502,1197160,620302,576858,869917,487703,382214,569792,340353,229439,502755,67037,627368,165598,310195,7122,86877,859949,142672,1707,518,179330,8476,381,4127,36840,196022,1875,10757,274925,55921,330846,166509,238985,160331,162762,116032,47865,7294,899778,291525,1191303,930.0,72.67
Maharashtra,Yavatmal,20.04258346738159,78.05326371760479,510,2772348,1419965,1352383,2022574,1115980,906594,1355999,815475,540524,1195100,160899,1416349,333504,739718,17899,264878,2251401,239236,4567,1596,249874,11422,3745,10507,134500,446516,6094,29917,629243,168889,798132,391944,562739,382001,389924,245819,123074,21889,2117390,718204,2835594,952.0,72.96
Manipur,Bishnupur,24.50712111801243,93.8246236024845,275,237399,118782,118617,156333,87313,69020,109937,62807,47130,76423,33514,127462,34358,15109,11567,48903,175102,18691,4264,56,76,16,38457,737,11393,34364,676,3447,34977,21172,56149,15941,36011,50004,31775,20077,20074,1440,175322,67610,242932,999.0,65.85
Manipur,Chandel,24.2635812987013,94.09443844155844,280,144182,74579,69603,90302,51053,39249,76238,42615,33623,53753,22485,67944,43255,8315,3040,21628,10810,3086,129049,136,400,59,354,288,1424,18764,184,1782,30377,3783,34160,17382,28163,30589,18971,12213,8105,240,115663,38191,153854,933.0,62.63
Manipur,Churachandpur,24.30309718875504,93.38671506024085,274,274143,138820,135323,195935,104013,91922,122655,70594,52061,89779,32876,151488,64834,8282,5067,44472,12034,2886,254979,152,495,87,2333,1177,13371,29894,837,4496,52972,4853,57825,32860,67907,65475,38567,23284,14523,509,243125,57561,300686,975.0,71.47
Manipur,Senapati,25.08465586034914,94.03366234413956,272,479148,247323,231825,264477,148012,116465,233622,124143,109479,185725,47897,245526,175127,30369,4978,42307,43833,1649,426819,140,2409,53,1243,3002,2430,22798,256,2170,38008,1826,39834,46757,81735,91395,62033,40438,24940,598,347896,191001,538897,937.0,55.2
Manipur,Tamenglong,24.98312942238265,93.49450740072204,273,140651,72371,68280,85006,47403,37603,70675,37237,33438,55979,14696,69976,48849,1924,1710,18192,2995,589,134760,59,425,57,1144,622,1229,11541,125,1362,23982,4119,28101,11155,28461,26794,17867,11645,7102,270,103294,45317,148611,943.0,60.44
Manipur,Thoubal,24.545392553191498,93.97959893617023,276,422168,210845,211323,269304,152617,116687,195319,109377,85942,133428,61891,226849,77331,33106,21017,63865,267146,107323,4322,106,114,24,42347,786,15994,49507,880,5110,65961,38302,104263,32396,69738,87932,55803,37899,28550,3214,315532,118088,433620,1002.0,63.79
Manipur,Ukhrul,25.05900314960629,94.44129566929138,279,183998,94718,89280,129829,70148,59681,87929,46533,41396,67724,20205,96069,56815,3852,2233,25029,7553,1115,174112,108,635,70,32,373,1659,14026,276,2437,36084,5806,41890,20670,29382,38350,31734,22729,15636,405,158906,42156,201062,943.0,70.56
Meghalaya,East Garo Hills,25.82728228228228,90.64684924924916,294,317917,161223,156694,192147,102513,89634,126073,72262,53811,83936,42137,191844,77390,19246,2475,26962,17272,3359,289708,56,1004,38,5617,863,1839,24550,288,2368,62698,11518,74216,51578,70679,52762,31328,9473,2484,298,218602,100781,319383,972.0,60.44
Meghalaya,East Khasi Hills,25.303763888888884,91.75922519841272,298,825922,410749,415173,578030,287270,290760,326786,204303,122483,289576,37210,499136,76767,40889,2966,206164,144935,14185,543394,2495,3111,303,115597,1902,41496,135941,5032,19306,106248,108843,215091,118135,163729,127722,94579,58836,61639,9397,634037,168575,802612,1011.0,69.99
Meghalaya,Jaintia Hills,25.33959557069844,92.37608160136298,299,395124,196285,198839,187527,87371,100156,154180,88839,65341,110617,43563,240944,50844,35766,2004,65566,12456,1646,271596,34,284,45,107559,1504,7150,41677,510,4333,76546,7171,83717,67749,61526,34677,26748,13544,8039,2934,215217,165184,380401,1013.0,47.46
Meghalaya,South Garo Hills,25.240568578553614,90.64560349127176,295,142334,73170,69164,82062,45003,37059,53069,32826,20243,38397,14672,89265,28145,5565,1249,18110,7036,1050,132984,27,332,10,362,533,482,10940,179,1625,35930,3713,39643,25906,28921,21506,13858,3998,826,831,95846,44849,140695,945.0,57.65
Meghalaya,West Garo Hills,25.495285185185185,90.03709947089942,293,643291,324159,319132,358702,193438,165264,255693,151914,103779,188371,67322,387598,120740,39725,7643,87585,122936,106788,389956,209,3392,144,16950,2916,10006,51301,1630,8872,139351,18594,157945,85733,129178,90963,70941,29404,10856,3547,420622,208900,629522,984.0,55.76
Meghalaya,West Khasi Hills,25.500889926739926,91.25364542124538,296,383461,193715,189746,230678,117307,113371,163345,89694,73651,119803,43542,220116,84956,37184,2475,38730,6498,1533,366881,58,1313,38,5878,1262,476,32873,149,2462,74832,12299,87131,80318,78208,45046,28417,12295,6450,541,251275,133244,384519,980.0,60.16
Mizoram,Aizawl,23.90781335453101,92.85359459459472,283,400309,199270,201039,340595,169547,171048,174636,104643,69993,151410,23226,225673,39266,11434,3360,120576,13249,5264,379134,105,1570,76,505,406,64710,79804,4019,21093,20570,80341,100911,29332,68214,100103,78752,37701,31310,2058,347470,38248,385718,1009.0,85.08
Mizoram,Champhai,23.54166580976866,93.24221799485862,284,125745,63388,62357,100802,51440,49362,60342,34129,26213,53111,7231,65403,38336,5823,980,15203,1075,699,123446,9,151,45,194,126,9115,23948,186,2263,18395,12717,31112,14491,31359,30454,16259,4956,4087,78,101684,15449,117133,984.0,80.16
Mizoram,Kolasib,24.2020004347826,92.73470391304348,282,83955,42918,41037,65895,34147,31748,36672,22733,13939,29697,6975,47283,17992,5921,585,12174,4000,4426,75210,16,108,2,46,147,8787,14853,367,1986,9669,12507,22176,11367,18046,20399,9849,3473,2530,62,65726,14217,79943,956.0,78.49
Mizoram,Lawngtlai,22.36102843137253,92.66964156862753,287,117894,60599,57295,62861,36444,26417,45566,28517,17049,38082,7484,72328,29189,3153,613,12611,1668,522,63892,52,51549,122,2,87,5213,9283,162,1329,21993,5273,27266,19890,21114,16629,10538,3763,2515,125,74574,54874,129448,945.0,53.32
Mizoram,Lunglei,23.007717036172675,92.63512555425892,286,161428,82891,78537,121122,64515,56607,78292,46230,32062,62013,16279,83136,45439,10662,813,21378,5231,1290,127124,74,27543,93,5,68,14037,26394,482,3725,21479,17315,38794,22181,33313,34774,19918,8503,5509,116,124314,32451,156765,947.0,75.03
Mizoram,Mamit,23.73852942502819,92.4330803833147,281,86364,44828,41536,60191,32977,27214,39339,24016,15323,36185,3154,47025,28669,2553,262,7855,2989,1782,69104,13,12328,25,19,104,4010,12158,90,1073,16726,4129,20855,9328,19711,19949,10756,3180,1771,22,64717,20091,84808,927.0,69.69
Mizoram,Saiha,22.35744801061008,93.02827931034489,288,56574,28594,27980,42233,21861,20372,19461,12211,7250,14694,4767,37113,8908,957,313,9283,933,514,54977,11,102,4,2,31,4783,7400,168,1194,7043,5784,12827,8422,14151,12130,7269,3628,2204,69,47873,8787,56660,979.0,74.65
Mizoram,Serchhip,23.263864705882344,92.914158496732,285,64937,32851,32086,54476,27598,26878,32397,18261,14136,29838,2559,32540,21804,1284,926,8383,991,335,63444,6,60,9,35,57,5511,12315,131,987,7472,8018,15490,8771,14985,16237,9062,2915,2128,35,54133,5963,60096,977.0,83.89
Nagaland,Dimapur,25.814176811594223,93.75074057971014,265,378811,197394,181417,278037,150142,127895,151350,99645,51705,122358,28992,227461,24517,8990,5073,112770,108900,31212,234239,566,1270,2148,157,319,42378,71413,3303,12077,49116,62853,111969,34539,61815,80076,44343,26712,27532,2939,277956,58926,336882,919.0,73.4
Nagaland,Kohima,25.60311428571428,93.78600657596373,270,267988,138966,129022,197489,107038,90451,114825,68140,46685,99408,15417,153163,44684,2198,2072,65871,25496,4384,234955,998,1519,80,335,221,20712,50724,1928,7982,31845,44255,76100,21654,46756,57726,30518,19855,23439,1770,201718,45802,247520,928.0,73.69
Nagaland,Mokokchung,26.478911764705888,94.522426006192,262,194622,101092,93530,159494,83479,76015,100067,57084,42983,81046,19021,94555,48925,9166,3798,38178,9840,2057,181847,78,442,66,6,286,7236,40154,537,2728,37536,17742,55278,20259,43483,54035,27425,13077,10299,870,169448,22555,192003,925.0,81.95
Nagaland,Mon,26.69207374301676,95.03072988826828,261,250260,131753,118507,119626,67432,52194,147654,79425,68229,104981,42673,102606,113473,10836,1608,21737,8102,3444,236494,84,1256,314,1,565,1080,14398,178,2844,43607,7415,51022,37431,46055,30500,7628,3565,1772,107,127058,130529,257587,899.0,47.8
Nagaland,Phek,25.63272986577182,94.56814563758392,266,163418,83743,79675,105893,57926,47967,80277,41556,38721,63645,16632,83141,55091,3159,1275,20752,3563,950,158224,31,350,17,198,85,2073,36182,170,1558,38903,7295,46198,22494,32722,30434,12785,7268,5926,481,112110,44456,156566,951.0,64.8
Nagaland,Tuensang,26.21104453280316,94.85809880715708,267,196596,101933,94663,117511,63653,53858,98154,52931,45223,73518,24636,98442,75212,3913,1104,17925,2979,1052,191864,27,572,5,1,96,773,24998,155,2251,40690,9451,50141,29602,40900,33514,15013,6008,2760,116,127913,66450,194363,929.0,59.77
Nagaland,Wokha,26.202611551155112,94.1990815181518,264,166343,84505,81838,128208,67385,60823,78412,42096,36316,63512,14900,87931,47473,6438,1965,22536,5605,2043,158236,34,318,8,20,79,3228,25268,198,1757,38499,8170,46669,15865,37024,41627,18746,10223,8030,401,131916,25048,156964,968.0,77.07
Nagaland,Zunheboto,26.028178205128206,94.50026666666668,263,140757,71217,69540,102881,53504,49377,79466,41178,38288,49382,30084,61291,44723,11955,2025,20763,2580,772,136995,39,286,6,2,77,1433,28846,261,2008,31267,6044,37311,16523,30889,35113,17282,8821,5560,1107,115295,25988,141283,976.0,73.09
Orissa,Baleshwar,21.48570932311624,87.08085828011933,377,2320529,1185787,1134742,1621232,902359,718873,932707,684020,248687,618064,314643,1387822,288818,358214,28736,256939,2197709,94254,6434,237,111,201,18345,3238,36478,296834,7370,28289,601154,82440,683594,342192,470502,416510,267354,112392,105962,27493,1742405,628627,2371032,957.0,69.86
Orissa,Bhadrak,20.95262735257214,86.81496204516931,378,1506337,760260,746077,1094140,596269,497871,468599,409559,59040,328097,140502,1037738,155956,151377,14451,146815,1398543,104202,745,169,81,111,61,2425,15864,164636,2637,15609,373862,54244,428106,210736,391081,297270,177013,71815,67536,17449,1232900,323145,1556045,981.0,72.64
Orissa,Cuttack,20.407640646029623,85.7776810228802,381,2624470,1352760,1271710,2011469,1103033,908436,936365,761876,174489,696274,240091,1688105,138698,248298,51809,497560,2457729,141263,11985,1026,6276,1180,168,4843,103177,349587,15046,40589,579529,210768,790297,289414,545514,513039,328319,159456,181601,45279,2062622,472182,2534804,940.0,76.64
Orissa,Dhenkanal,20.79887159353349,85.53226836027711,383,1192811,612593,580218,829910,464093,365817,435533,340552,94981,277338,158195,757278,71230,163636,17312,183355,1185542,4805,727,124,366,39,139,1069,19846,117172,1810,10600,315390,36979,352369,188872,238599,193395,132002,53162,43064,10903,859997,341887,1201884,947.0,69.58
Orissa,Gajapati,19.121080882352945,84.14015091911759,389,577817,282882,294935,262537,153663,108874,293933,155907,138026,170371,123562,283884,65062,153199,5370,70302,353160,1556,219482,53,2180,66,4,1316,12035,63112,635,5523,152095,23050,175145,68405,76419,54787,36977,17084,12556,1882,268110,335821,603931,1043.0,45.44
Orissa,Ganjam,19.2632617564534,84.80297710437702,388,3529031,1779218,1749813,2210050,1262652,947398,1501772,990027,511745,900744,601028,2027259,284943,565448,56274,595107,3486059,13315,23975,590,174,170,76,4672,120191,405298,9049,41059,795476,219918,1015394,518072,767140,508511,297490,121151,97147,31266,2340777,1055331,3396108,983.0,62.62
Orissa,Jharsuguda,21.827058566978184,83.93581682242987,371,579505,296690,282815,405879,228092,177787,247707,172018,75689,172069,75638,331798,40867,56809,15836,134195,553587,12783,10462,1441,80,70,67,1015,18950,81433,2498,7555,103224,73962,177186,69122,101541,103622,70928,32909,22010,7932,408064,143508,551572,953.0,70.04
Orissa,Kalahandi,19.784253092783523,83.1124043814433,395,1576869,787101,789768,802036,484177,317859,751930,447290,304640,376757,375173,824939,144991,436733,18453,151753,1555367,4975,11160,796,175,1225,220,2951,17610,91171,1953,12622,456336,38412,494748,213426,225468,172905,94044,40383,27385,6840,780451,765368,1545819,1003.0,50.86
Orissa,Kandhamal,20.092878624813142,84.02216352765326,390,733110,359945,373165,399786,233900,165886,355349,193515,161834,167112,188237,377761,79221,162932,11946,101250,580300,2138,148895,82,290,47,23,1335,6938,28736,768,6609,218446,24489,242935,108606,145604,108773,48856,21351,14962,2462,450614,287948,738562,1037.0,54.53
Orissa,Kendrapara,20.606319815982264,86.83763247572003,379,1440361,717814,722547,1089265,579970,509295,466890,386382,80508,322265,144625,973471,149264,143864,16544,157218,1386792,50247,1423,169,62,52,24,1592,15879,173107,1628,11836,414749,23494,438243,218444,357621,298557,203472,76449,75926,12507,1242976,294723,1537699,1007.0,75.62
Orissa,Khordha,20.054162322274863,85.52234834123229,386,2251673,1167137,1084536,1749936,957515,792421,792193,645880,146313,632625,159568,1459480,92662,116274,39471,543786,2147632,84060,12527,1264,475,476,434,4805,160277,349860,35701,75588,331834,356895,688729,276378,445785,436534,295099,177974,247498,66645,1945913,371244,2317157,929.0,77.72
Orissa,Koraput,18.82627794779476,82.81278469846964,398,1379647,678809,700838,568090,340843,227247,693406,384053,309353,396460,296946,686241,207194,290626,14416,181170,1294151,8850,68550,518,219,491,3384,3484,39631,85766,3988,17294,381789,78339,460128,158847,158653,98266,60589,32257,29000,10200,547812,770707,1318519,1032.0,41.18
Orissa,Malkangiri,18.25227930367506,81.98293636363628,399,613192,303624,309568,244706,147001,97705,310666,170495,140171,179030,131636,302526,151260,106353,7725,45328,600219,1871,10039,213,43,195,35,577,4738,24604,448,3908,167884,15839,183723,60913,64683,44962,19031,8487,5585,1202,204863,390356,595219,1020.0,39.91
Orissa,Mayurbhanj,21.897621545157754,86.4030408052231,376,2519738,1256213,1263525,1369397,794171,575226,1223534,697782,525752,548390,675144,1296204,238772,568755,113808,302199,2113079,33706,15008,661,162,109,351714,5299,29031,140189,2950,17999,689110,64479,753589,283489,390037,385216,214921,92060,72847,17415,1455985,1094844,2550829,1006.0,54.35
Orissa,Nayagarh,20.192895622119817,85.05614700460825,385,962789,502636,460153,688362,392333,296029,343633,284591,59042,229076,114557,619156,83022,120129,17557,122925,955754,5278,383,107,33,24,12,1198,11159,124984,1163,8278,261646,26688,288334,174904,227102,177180,90089,36951,33148,5685,745059,232558,977617,915.0,71.5
Orissa,Nuapada,20.471309512195116,82.59152536585364,394,610382,301962,308420,299383,180903,118480,305438,168155,137283,151694,153744,304944,94692,149834,8641,52271,601092,4952,1778,724,76,905,22,833,6414,43976,757,4221,197258,11869,209127,64389,114394,73787,51886,19577,10131,4316,338480,316086,654566,1021.0,49.05
Orissa,Puri,19.83509174603177,85.86698989898981,387,1698730,865380,833350,1291939,704857,587082,621676,498461,123215,450536,171140,1077054,172761,163942,25115,259858,1644905,46094,4239,193,243,94,302,2660,33331,201605,3416,16006,402014,72210,474224,251520,413605,364098,179086,84374,87000,15511,1395194,309790,1704984,963.0,76.05
Orissa,Rayagada,19.292840020060204,83.45860120361095,396,967911,471960,495951,407735,241959,165776,467122,258032,209090,227815,239307,500789,99265,248175,9959,109723,874445,4607,84916,219,249,123,44,3308,24924,61543,1553,9166,237343,49205,286548,84956,97387,73210,46001,21439,17681,6306,346980,583140,930120,1051.0,42.13
Orissa,Sambalpur,21.515752380952385,84.34958483245157,372,1041099,526877,514222,703691,393192,310499,505840,313161,192679,336854,168986,535259,86800,160798,59288,198954,964188,20120,50637,2506,310,86,1117,2135,33612,126498,5231,14521,220697,94798,315495,133005,185289,171876,108455,50705,45828,13071,708229,282248,990477,976.0,67.59
Orissa,Sundargarh,22.06354819277107,84.50524819277099,374,2093437,1061147,1032290,1342322,750147,592175,873227,584687,288540,535112,338115,1220210,184273,253327,26970,408657,1532352,71391,385011,5713,710,721,89986,7553,77581,223537,12787,35024,387911,230151,618062,208100,350349,335380,243386,120373,94710,36590,1388888,660465,2049353,973.0,64.12
Puducherry,Karaikal,10.876161726078813,79.82369793621002,637,200222,97809,102413,154916,79903,75013,68301,53139,15162,58342,9959,131921,2372,13077,1327,51525,152638,28835,18391,46,63,54,14,181,28366,47880,1868,4870,35618,33715,69333,18943,32899,33458,29456,15930,18998,4877,154561,32717,187278,1047.0,77.37
Puducherry,Mahe,12.006420793787758,75.28275021570326,636,41816,19143,22673,36470,16610,19860,11802,9093,2709,10404,1398,30014,43,82,69,11608,27940,12856,958,3,21,14,3,21,3632,7150,574,1484,0,12110,12110,2948,6043,7930,8773,5711,4475,978,36858,2993,39851,1184.0,87.22
Puducherry,Yanam,16.707695652173904,82.26187304347832,634,55626,27301,28325,39274,19919,19355,16760,14047,2713,15373,1387,38866,291,3324,146,12999,53537,1191,873,3,1,4,4,13,10399,12859,207,597,0,15519,15519,3804,10954,8806,8044,4101,3836,1315,40860,14923,55783,1038.0,70.6
Punjab,Amritsar,31.548679820627772,74.79883856502238,49,2490656,1318408,1172248,1684770,932981,751789,917856,735195,182661,787254,130602,1572800,124617,121599,41642,629998,690939,12502,54344,1716935,876,3152,1044,10864,279993,461231,29961,63864,275477,385476,660953,197944,313874,283819,328229,203656,142399,15879,1485800,540010,2025810,889.0,67.64
Punjab,Bathinda,30.190524611973352,75.05685898004438,46,1388525,743197,645328,844868,488261,356607,549986,432988,116998,452678,97308,838539,141535,128382,14938,265131,380569,16299,2474,984286,246,1266,559,2826,118427,255650,11284,32253,218159,137563,355722,117795,182796,145626,163928,96329,70240,16666,793380,438529,1231909,868.0,60.85
Punjab,Faridkot,30.591187250996025,74.79751553784862,45,617508,326671,290837,381285,215767,165518,221555,185049,36506,190415,31140,395953,53230,54058,8225,106042,141363,3125,1227,469789,155,1109,103,637,62103,113549,4348,12276,99946,58917,158863,53734,89433,71178,75419,48360,29838,5790,373752,204895,578647,890.0,61.75
Punjab,Fatehgarh Sahib,30.64290947368421,76.36208394736842,40,600163,320795,279368,426033,238696,187337,214783,182777,32006,192845,21938,385380,44245,21389,8048,141101,152851,16808,1698,427521,48,178,251,808,64037,113683,5138,14294,117559,57337,174896,51897,102257,83931,95073,59555,34990,4607,432310,142314,574624,871.0,70.99
Punjab,Firozpur,30.63407535211269,74.40245732394365,43,2029074,1071637,957437,1227511,707070,520441,756695,596406,160289,618362,138333,1272379,191685,227971,14679,322360,906408,6844,19358,1090815,454,1143,278,3774,141899,349662,10042,31070,348522,153868,502390,196971,306838,226433,221806,147698,82448,25734,1207928,714869,1922797,893.0,60.5
Punjab,Gurdaspur,32.04283371212125,75.3204064393939,35,2298323,1212617,1085706,1634719,907660,727059,757138,637652,119486,625778,131360,1541185,147912,100684,30903,477639,1074332,27667,176587,1002874,405,580,812,15066,244468,411216,14428,38445,420860,185488,606348,180897,315156,290618,372317,243539,104345,22107,1528979,478020,2006999,895.0,71.13
Punjab,Hoshiarpur,31.55157169811319,75.8469857442349,38,1586625,809057,777568,1199699,637927,561772,499822,412506,87316,411011,88811,1086803,89772,74362,15990,319698,1000743,23089,14968,538208,3476,2034,531,3576,201675,319930,13747,34328,422673,128592,551265,143871,256127,238975,301435,176013,93618,17427,1227466,294723,1522189,961.0,75.61
Punjab,Jalandhar,31.250336907216507,75.54400350515463,37,2193590,1145211,1048379,1622537,882581,739956,774472,639484,134988,689592,84880,1419118,85695,66664,29762,592351,1394329,30233,26016,718363,11385,4011,805,8448,299449,446200,39082,79134,330339,377791,708130,183441,333736,304652,339758,216646,162965,34576,1575774,387809,1963583,915.0,73.97
Punjab,Kapurthala,31.336592638036837,75.47641165644177,36,815168,426311,388857,576567,316254,260313,284165,235562,48603,248208,35957,531003,55252,42387,9861,176665,336124,10190,5445,453692,6662,553,334,2168,110555,161206,9732,23145,165433,95770,261203,71698,127031,112774,128828,77442,48221,9501,575495,174995,750490,912.0,70.73
Punjab,Ludhiana,30.76596397379912,75.83110851528383,41,3498739,1867816,1630923,2560225,1428348,1131877,1284822,1053600,231222,1138654,146168,2213917,140737,98646,71667,973772,1502403,77713,16517,1863408,2007,19620,1254,15817,488757,703624,58589,123400,395032,641789,1036821,277247,488129,443759,527568,318876,272280,44240,2372099,631980,3004079,873.0,73.18
Punjab,Mansa,29.919547714285724,75.4304922857143,47,769751,408732,361019,423560,244037,179523,328512,230739,97773,247175,81337,441239,105963,90367,13442,118740,156539,10375,917,598443,123,1577,493,1284,39414,140099,2673,10085,145603,50786,196389,75708,106162,84553,85953,48663,27461,5658,434158,311513,745671,883.0,55.03
Punjab,Moga,30.756540067340065,75.1600845117845,42,995746,525920,469826,627889,348549,279340,359172,292379,66793,304880,54292,636574,91622,82397,18098,167055,158414,9388,3277,818921,178,436,365,4767,89445,183396,7897,21662,214295,74144,288439,98764,158812,116716,128693,85642,37417,11956,638000,306336,944336,893.0,63.06
Punjab,Muktsar,30.31243303303303,74.5518747747748,44,901896,475622,426274,524848,300401,224447,335326,272699,62627,287205,48121,566570,86565,111014,5187,132560,254920,4333,1681,638625,240,744,433,920,76441,166585,4571,14077,149507,74650,224157,90240,137470,101852,104682,62612,36905,10666,544427,340886,885313,896.0,58.19
Punjab,Patiala,30.214540380693364,76.27505893949697,48,1895686,1002522,893164,1266791,711052,555739,660267,549661,110606,570391,89876,1235419,113182,89123,23647,434315,783306,40043,5683,1059944,245,1914,1410,3141,209192,352929,24274,55105,299279,218090,517369,173890,283837,239609,256826,157435,141947,27272,1280816,518772,1799588,891.0,66.82
Punjab,Rupnagar,30.910937330754347,76.53743500967126,51,684627,357485,327142,502731,278534,224197,233676,186910,46766,194209,39467,450951,45640,21520,12321,154195,304481,14492,2094,361045,118,653,143,1601,67749,129123,6600,17542,148162,60537,208699,53005,107715,98135,116836,68794,38823,9388,492696,124100,616796,915.0,73.43
Punjab,Sangrur,30.185045204336895,75.89437014178496,53,1655169,878029,777140,1002077,570413,431664,568758,485129,83629,499792,68966,1086411,157191,91799,18578,301190,389410,179116,2406,1077438,268,3222,1038,2271,135280,305557,10736,30955,292156,156788,448944,163251,250833,197901,220210,130155,73636,18393,1054379,570103,1624482,885.0,60.54
Rajasthan,Ajmer,26.199300378787903,74.6990419191919,119,2583052,1324085,1258967,1526673,926268,600405,1053722,686149,367573,827181,226541,1529330,298856,145523,35602,573741,2201663,314159,10605,6799,417,45614,184,3611,171799,393498,13499,41732,409335,274919,684254,379043,394576,313680,200191,130608,172683,28138,1618919,1034334,2653253,951.0,59.1
Rajasthan,Alwar,27.55271738035265,76.65359630562563,104,3674179,1939026,1735153,2182476,1359829,822647,1708542,994171,714371,1179461,529081,1965637,898891,216772,34562,558317,3039279,547335,2696,64532,4384,13221,348,2384,123478,485723,9750,45770,782294,212967,995261,492781,492981,468628,324050,230415,222622,31390,2262867,1384905,3647772,895.0,59.4
Rajasthan,Banswara,23.453642032967014,74.44246868131869,125,1797485,907754,889731,829343,513854,315489,916574,482236,434338,542983,373591,880911,546569,199370,19818,150817,1701234,48834,22250,427,138,22613,109,1880,34189,120603,2324,15062,390437,39407,429844,240067,190259,137780,75011,50438,47094,8145,748794,1040914,1789708,980.0,46.14
Rajasthan,Baran,24.98023243243244,76.86210651828291,128,1222755,633945,588810,693307,432607,260700,552583,329754,222829,359785,192798,670172,216538,185037,15258,135750,1133349,79984,1432,3066,84,2795,48,1997,32685,161310,1363,9491,249184,69804,318988,203489,194024,144190,76209,46847,49939,8057,722755,545842,1268597,929.0,56.7
Rajasthan,Barmer,25.77070908045978,71.50297126436782,115,2603751,1369022,1234729,1188322,783461,404861,1202482,696240,506242,741367,461115,1401269,754260,132696,30565,284961,2244882,321192,1157,450,157,34010,34,1869,39580,126494,2766,37730,542825,55980,598805,406804,352636,219932,101291,52272,39533,7328,1179796,1501858,2681654,902.0,45.64
Rajasthan,Bharatpur,27.32411858037578,77.21752077244258,105,2548462,1355726,1192736,1480869,943910,536959,1071154,647198,423956,694929,376225,1477308,500994,238894,25068,306198,2143046,371286,1576,23456,899,5758,18,2423,61113,288723,4179,26106,479437,129697,609134,363676,330336,314953,211938,147520,132571,23311,1524305,1104824,2629129,880.0,58.11
Rajasthan,Bhilwara,25.45119767759564,74.63947595628417,122,2408523,1220736,1187787,1256126,777582,478544,1148165,674589,473576,883329,264836,1260358,555168,163052,30149,399796,2224839,142427,1978,1468,183,35149,60,2419,93768,373644,6207,24014,530015,145865,675880,398993,338296,258990,141250,92785,106667,10928,1347909,1180456,2528365,973.0,52.15
Rajasthan,Bikaner,28.12489068322981,73.26943322981371,101,2363937,1240801,1123136,1278801,782399,496402,986208,640572,345636,752768,233440,1377729,499223,103833,26244,356908,2073356,235741,1901,20072,285,30850,79,1653,108812,220793,7607,29531,335754,196179,531933,410155,333211,254335,143669,80296,101714,18577,1341957,1015331,2357288,905.0,54.1
Rajasthan,Bundi,25.48580716049379,75.79984074074079,121,1110906,577160,533746,585044,371705,213339,526091,314806,211285,361070,165021,584815,250453,111388,11172,153078,1017688,66609,682,11059,144,13455,24,1245,33406,136969,1392,7705,239836,63452,303288,153500,159218,121104,63248,41227,41052,6460,585809,553622,1139431,925.0,52.66
Rajasthan,Chittaurgarh,24.631623761665463,74.80010997846382,126,1544338,783171,761167,821825,514851,306974,802755,456632,346123,656904,145851,741583,453201,123469,15435,210650,1413163,97855,1274,1515,252,25843,136,4300,59190,268172,4941,16560,366780,88873,455653,245603,225700,170455,90889,58129,67155,10768,868699,715545,1584244,972.0,53.22
Rajasthan,Churu,28.29330375536484,74.65846427038629,102,2039547,1051446,988101,1149269,696729,452540,902829,541404,361425,628381,274448,1136718,572644,87983,16594,225608,1777879,249736,958,402,188,7104,127,3153,74197,231696,2577,15259,344897,148996,493893,336671,302022,237220,161520,100677,77282,13320,1228712,910226,2138938,940.0,56.35
Rajasthan,Dausa,26.91234817629181,76.57342097264443,109,1634409,857787,776622,938051,596935,341116,684495,398151,286344,506214,178281,949914,390960,76277,17185,200073,1582335,45488,439,296,94,3737,115,1905,35600,195277,1719,14539,361084,59610,420694,229035,235474,208537,135234,92559,90833,13764,1005436,681980,1687416,905.0,57.39
Rajasthan,Dhaulpur,26.72397054945053,77.74476219780222,106,1206516,653647,552869,683098,435721,247377,523212,339110,184102,317617,205595,683304,229936,74342,12721,206213,1127520,72258,688,1356,92,2739,21,1842,24561,96086,1330,9504,214670,58626,273296,207566,172914,132964,77360,45590,37856,8194,682444,552106,1234550,846.0,56.62
Rajasthan,Dungarpur,23.75104807692308,73.84765641025645,124,1388552,696532,692020,681591,415820,265771,641515,346624,294891,216411,425104,747037,227849,184330,12514,216822,1340065,28662,830,240,226,16141,853,1535,26351,141275,1477,11742,322816,31547,354363,238847,175059,114245,60656,42887,39312,4834,675840,764563,1440403,994.0,49.09
Rajasthan,Ganganagar,29.256785412667963,73.56192303262948,99,1969168,1043340,925828,1193343,710908,482435,912672,596320,316352,680563,232109,1056496,268297,230438,13790,400147,1437144,50688,2077,474853,938,1988,164,1316,88543,283142,6295,24901,397697,164897,562594,237042,314107,238397,163098,105734,104071,19396,1181845,710223,1892068,887.0,60.6
Rajasthan,Hanumangarh,29.1813351791531,74.74632573289902,100,1774692,931184,843508,1034136,624281,409855,835260,512802,322458,642109,193151,939432,370452,166833,13839,284136,1433067,118673,1542,216997,241,1935,138,2099,55515,243163,3360,16217,389059,108694,497753,239601,273441,219194,153628,104087,84185,14416,1088552,723454,1812006,906.0,58.27
Rajasthan,Jaipur,27.033459290187885,75.77117286012533,110,6626178,3468507,3157671,4300965,2554793,1746172,2464893,1714947,749946,2060010,404883,4161285,744374,131523,91011,1497985,5819980,687452,12708,18782,1020,81079,257,4900,570997,990085,76565,182350,754841,977838,1732679,819004,875940,823570,659389,455527,703673,96562,4433665,2046038,6479703,910.0,64.91
Rajasthan,Jaisalmer,26.86900838548185,71.18371877346682,114,669919,361708,308211,308653,210415,98238,288903,182565,106338,175383,113520,381016,132466,43872,6835,105730,497045,168129,874,1723,98,1521,34,495,12431,43141,754,7416,159117,30830,189947,109484,71132,41264,20142,12759,10604,1720,267105,397649,664754,852.0,46.07
Rajasthan,Jalor,25.07578093797277,72.18647261724662,116,1828730,936634,892096,829582,543923,285659,896644,494906,401738,660719,235925,932086,493355,158013,21867,223409,1732852,78990,730,231,144,14640,82,1061,39745,161845,1585,12794,419216,48202,467418,270997,277152,181691,75304,32366,25210,7850,870570,1033534,1904104,952.0,45.36
Rajasthan,Jhalawar,24.24725541474657,76.11242891705065,129,1411129,725143,685986,739792,466815,272977,685950,402825,283125,475653,210297,725179,328714,209772,11199,136265,1299751,96164,842,819,46,12488,42,977,38909,220428,1750,9403,298624,63763,362387,226614,203488,143108,73388,46267,47985,6972,747822,696680,1444502,946.0,52.43
Rajasthan,Jhunjhunun,28.13517401247401,75.52840893970894,103,2137045,1095896,1041149,1370360,815834,554526,894649,541392,353257,592813,301836,1242396,521692,68878,13472,290607,1905682,228178,1004,275,56,548,85,1217,131987,297559,4828,24178,500452,150357,650809,296093,305626,301866,256621,192240,158936,25286,1536668,712584,2249252,950.0,64.12
Rajasthan,Jodhpur,26.678460838536967,73.00450847457628,113,3687165,1923928,1763237,2031532,1265753,765779,1489741,965103,524638,1056479,433262,2197424,592370,242017,42412,612942,3224399,411558,6035,4123,514,36697,80,3759,197135,408808,19335,54808,584215,307442,891657,497762,512035,405132,259304,154789,177199,30720,2036941,1591957,3628898,916.0,55.1
Rajasthan,Karauli,26.51901555555556,76.96081818181815,107,1458248,783639,674609,805849,531904,273945,628726,371058,257668,438337,190389,829522,335302,115367,9521,168536,1370977,81553,602,297,70,3424,413,912,28296,132079,1059,13045,305047,59308,364355,220644,193938,170399,104208,69443,67639,14402,840673,668926,1509599,861.0,55.26
Rajasthan,Kota,25.175718080000014,76.18618928000001,127,1951014,1021161,929853,1298345,765396,532949,748811,534650,214161,577548,171263,1202203,140262,134992,25125,448432,1661307,243993,5665,11058,280,25742,286,2683,165563,339899,12843,36297,203454,311735,515189,286676,294591,250092,172538,118710,167778,27485,1317870,588142,1906012,911.0,66.55
Rajasthan,Nagaur,27.07862016048146,74.14215667001012,112,3307743,1696325,1611418,1758624,1102750,655874,1425882,857031,568851,985927,439955,1881861,734614,263401,29647,398220,2833443,454487,1912,366,163,12940,276,4156,97267,347344,4449,35328,675712,166489,842201,513871,486057,388822,242053,147701,117444,14853,1910801,1533137,3443938,950.0,53.17
Rajasthan,Pali,25.80490393541874,73.55285640766907,118,2037573,1025422,1012151,1085693,667381,418312,842327,523077,319250,605288,237039,1195246,243491,237280,26119,335437,1870543,143476,1345,1540,141,18974,52,1502,94821,326793,4043,19270,512909,139808,652717,293818,359329,271312,144581,71472,67021,9403,1216936,983050,2199986,987.0,53.28
Rajasthan,Rajsamand,25.24894767441859,73.96570215946844,123,1156597,581339,575258,619139,383334,235805,550831,319534,231297,362584,188247,605766,207582,106587,13505,223157,1105676,33677,759,260,100,14966,68,1091,36073,193276,1989,9222,304622,61054,365676,190090,190388,140839,72969,41063,34286,4732,674367,544517,1218884,990.0,53.53
Rajasthan,Sawai Madhopur,26.251081180223288,76.4219283891548,108,1335551,704031,631520,741748,486184,255564,578068,343802,234266,418555,159513,757483,313358,88804,12070,163836,1165505,155681,945,812,177,9991,42,2398,40116,140947,1887,14310,282057,71264,353321,205450,172925,151108,87349,57625,70870,14384,759711,586492,1346203,897.0,55.54
Rajasthan,Sikar,27.64644058641976,75.29317422839503,111,2677333,1374990,1302343,1652117,995275,656842,1006504,657854,348650,698711,307793,1670829,501311,87889,22776,394528,2342076,327583,1122,356,177,4050,15,1954,131342,339457,5647,28382,527560,178274,705834,369959,438872,367412,282595,200430,181282,19321,1859871,967497,2827368,947.0,61.71
Rajasthan,Sirohi,24.7976905263158,72.75309131578943,117,1036346,534231,502115,476806,309900,166906,419829,272196,147633,313292,106537,616517,124080,97823,9443,188483,996562,30479,1284,572,114,6829,56,450,47182,134089,2146,10297,238535,69639,308174,117971,147381,110385,58213,30724,27076,5251,497001,577092,1074093,940.0,46.01
Rajasthan,Tonk,26.153935071707927,75.79192216427637,120,1421326,728136,693190,749659,478329,271330,649161,371848,277313,495797,153364,772165,326083,113426,16004,193648,1243527,153146,754,378,122,22458,30,911,32359,158264,1908,12482,298911,81755,380666,237191,190750,154825,91853,64431,67155,9919,816124,661902,1478026,952.0,52.74
Rajasthan,Udaipur,24.44076752136749,73.84029839743584,130,3068420,1566801,1501619,1582629,973444,609185,1365783,835839,529944,822355,543428,1702637,539106,302968,33535,490174,2869976,104307,7406,4278,209,78647,373,3224,128320,357846,14211,48517,665449,182769,848218,442946,386075,277392,164290,102085,142672,20010,1535470,1528671,3064141,958.0,51.58
Sikkim,East,27.29600352941175,88.74908392156858,93,1709346,907500,801846,1352998,748382,604616,579692,486951,92741,555026,24666,1129654,1156,3094,19541,555901,1410852,178807,15792,53027,2643,46927,366,932,327253,352758,80037,127465,1086,461132,462218,86484,219061,260094,267825,235187,246988,18644,1334283,169693,1503976,884.0,79.15
Tamil Nadu,Ariyalur,11.190514836795256,79.22249643916912,616,754894,374703,380191,480604,269582,211022,359851,212547,147304,272241,87610,395043,107312,166837,13564,72138,708397,7942,37403,104,88,65,42,853,39642,177502,1749,8371,223955,30322,254277,60697,134123,113437,96860,53934,57524,16126,532701,233438,766139,1015.0,63.67
Tamil Nadu,Chennai,13.058098905608748,80.28139151846806,603,4646732,2335844,2310888,3776276,1968079,1808197,1817297,1369302,447995,1619554,197743,2829435,14454,13674,37345,1751824,3751322,439270,358662,2851,2804,51708,1759,38356,910262,1096334,217368,355838,0,1314125,1314125,167207,516445,720331,801050,464207,905515,67277,3642032,419065,4061097,989.0,81.27
Tamil Nadu,Coimbatore,10.871376995940452,77.07619012178621,632,3458045,1729297,1728748,2635907,1394790,1241117,1567950,1083125,484825,1443252,124698,1890095,80217,230026,50085,1207622,3044145,211035,190314,1112,435,3284,237,7483,675153,896325,63273,149920,284795,884957,1169752,220388,466745,523563,526165,273098,440520,53709,2504188,519919,3024107,1000.0,76.23
Tamil Nadu,Cuddalore,11.57587300613498,79.63002365371497,617,2605914,1311697,1294217,1815281,1000322,814959,1169880,749633,420247,837271,332609,1436034,165170,539412,32027,433271,2391675,123749,83334,401,236,1280,138,5101,244610,598412,15396,50938,497429,260780,758209,169844,412237,418769,386652,186394,227530,67411,1868837,634041,2502878,987.0,69.66
Tamil Nadu,Dharmapuri,12.300141200000006,78.11509813333339,630,1506843,774303,732540,917709,527599,390110,751170,446057,305113,652996,98174,755673,201328,267345,15341,267156,1452956,38304,14089,164,39,37,87,1167,104785,337972,3651,18927,396819,91107,487926,129778,240222,221194,177877,103367,112592,26069,1011099,512824,1523923,946.0,60.9
Tamil Nadu,Dindigul,10.377801390820574,77.78011279554937,612,2159775,1080938,1078837,1481834,816180,665654,1105155,665469,439686,963017,142138,1054620,165405,467959,30829,440962,1879494,105012,169945,313,256,71,138,4546,209640,500057,9155,38677,443818,269724,713542,207751,386421,372636,282628,153100,163050,29443,1595029,480681,2075710,998.0,68.61
Tamil Nadu,Erode,11.267012155963302,77.42034334862392,610,2251744,1129868,1121876,1492662,828300,664362,1195773,732083,463690,1111051,84722,1055971,178170,370212,54322,593069,2115455,76098,55899,435,148,639,157,2913,371015,595211,18604,58861,411286,432398,843684,175017,345914,319484,269016,155344,215514,30391,1510680,608003,2118683,993.0,66.29
Tamil Nadu,Kancheepuram,12.496424756511884,80.08820360135913,604,3998252,2012958,1985294,3013382,1611461,1401921,1673814,1181308,492506,1367378,306436,2324438,89343,272514,54732,1257225,3537399,173785,256762,1620,990,4962,756,21978,622095,961161,100322,200738,438799,774705,1213504,183054,535947,608188,634172,312208,526886,67354,2867809,678374,3546183,986.0,75.37
Tamil Nadu,Kanniyakumari,8.183466300191206,77.32053064053538,629,1870374,926345,944029,1548738,780541,768197,679620,524629,154991,552658,126962,1190754,15610,72867,35789,555354,909872,78590,876299,160,438,156,10,4849,199188,465692,15673,52943,104253,493788,598041,134236,331559,314029,322511,226312,254107,43034,1625788,210901,1836689,1019.0,82.8
Tamil Nadu,Karur,10.79532776617955,78.08749686847604,613,1064493,528184,536309,727044,401726,325318,543298,329034,214264,508507,34791,521195,85872,200837,11340,245249,993666,53292,16483,115,29,7,79,822,135831,264949,4915,17995,212241,152420,364661,76629,190229,167466,146666,77874,85595,14951,759410,276930,1036340,1015.0,68.3
Tamil Nadu,Madurai,9.904313833333331,78.01366033333332,623,3038252,1526475,1511777,2273430,1223810,1049620,1354632,902704,451928,1173902,180730,1683620,92719,372828,47293,841792,2760502,168881,97711,520,199,1532,305,8602,391821,754141,34097,95311,417718,592723,1010441,234611,525151,532616,453509,250285,363152,39350,2398674,449125,2847799,990.0,74.83
Tamil Nadu,Nagapattinam,10.789468161718286,79.79437299431483,618,1616450,798127,818323,1213008,640916,572092,671994,461174,210820,486328,185666,944456,67482,345057,11555,247900,1435072,128617,47579,184,450,963,110,3475,143846,381940,5585,19692,399016,118724,517740,136593,323359,313357,249630,122350,125639,35762,1306690,253572,1560262,1025.0,75.04
Tamil Nadu,Namakkal,11.33766638477801,78.14624841437633,609,1726601,869280,857321,1176131,653312,522819,898245,531463,366782,839152,59093,828356,158473,253726,38797,447249,1673652,32483,16909,183,108,84,199,2983,265276,441044,8960,31581,370357,257127,627484,123573,297179,247516,214836,126468,169206,21582,1200360,388418,1588778,986.0,68.12
Tamil Nadu,Perambalur,11.260137758112096,78.86034011799416,615,565223,282157,283066,375823,208011,167812,299726,162639,137087,255097,44629,265497,117304,118278,5343,58801,521658,32702,10301,83,39,38,26,376,49390,135751,1507,7745,155413,33179,188592,85210,106751,85101,71650,41447,44025,9189,443373,109011,552384,1003.0,66.49
Tamil Nadu,Pudukkottai,10.130514816433578,79.05444484265728,621,1618345,803188,815157,1110545,608776,501769,761693,471099,290594,640248,121445,856652,209270,305149,13941,233333,1428784,114194,72850,119,81,32,293,1992,82967,354493,4494,18272,399712,104229,503941,97231,283299,270046,251855,121706,111731,31315,1167183,447346,1614529,1015.0,68.62
Tamil Nadu,Ramanathapuram,9.31286995153476,78.99185362412462,626,1353445,682658,670787,978946,536487,442459,602977,392751,210226,486150,116827,750468,173767,153874,25228,250108,1047411,208038,91139,154,86,29,36,6552,100484,291400,5172,22379,290478,126761,417239,246909,293886,236511,189132,105978,97405,16785,1186606,107292,1293898,983.0,72.33
Tamil Nadu,Salem,11.629324202127655,78.2478257978723,608,3482056,1781571,1700485,2285562,1285107,1000455,1694160,1083797,610363,1561030,133130,1787896,257004,454210,141503,841443,3326357,95487,53841,412,174,992,246,4547,448968,835377,20660,63867,572813,597539,1170352,188672,571061,518763,457866,242306,296399,60365,2335432,955045,3290477,954.0,65.64
Tamil Nadu,Sivaganga,9.960306580645158,78.56535729032255,622,1339101,668672,670429,959744,526304,433440,620171,391305,228866,461102,159069,718930,141003,199563,14656,264949,1186078,74310,75481,150,80,109,24,2869,113822,314270,5773,24456,309224,143193,452417,101778,216931,236700,199263,103903,115894,23941,998410,311112,1309522,1003.0,71.67
Tamil Nadu,Thanjavur,10.387692255892237,79.3194869107745,620,2405890,1182416,1223474,1790998,944264,846734,974079,680483,293596,834484,139595,1431811,129913,415361,31200,397605,2075870,190814,133971,231,795,1256,148,2805,223044,555582,13495,42912,479070,274302,753372,138375,431983,419605,373111,178126,222410,49261,1812871,461123,2273994,1035.0,74.44
Tamil Nadu,Theni,9.924066666666668,77.43458833333332,624,1245899,625683,620216,870080,479403,390677,591642,368900,222742,530591,61051,654257,38367,315161,14939,223175,1148990,56751,37574,152,79,28,74,2251,147529,312310,4667,18830,189328,221295,410623,90590,219747,213496,156676,95231,101147,14674,891561,270738,1162299,991.0,69.84
Tamil Nadu,Thiruvallur,13.275858101752885,80.19724702864492,602,3728104,1876062,1852042,2791721,1495711,1296010,1538054,1103563,434491,1247918,290136,2190050,73444,270586,58240,1135784,3325823,143093,233633,1422,951,3693,530,18959,621907,909400,75634,174279,387237,732196,1119433,181452,461918,600731,622789,303091,451321,66378,2687680,610048,3297728,987.0,74.88
Tamil Nadu,Thiruvarur,10.368927409395978,79.60322893959727,619,1264277,626693,637584,946471,503085,443386,540168,369853,170315,412425,127743,724109,69883,295188,10440,164657,1132785,96092,33192,258,151,279,64,1456,109580,303114,4416,15535,321331,86848,408179,138960,250163,243773,203450,103908,99082,28166,1067502,175564,1243066,1017.0,74.86
Tamil Nadu,Tiruvannamalai,12.419318947368414,79.23265631578953,606,2464875,1235889,1228986,1626813,909803,717010,1238177,738995,499182,970072,268105,1226698,292641,525063,46720,373753,2294369,91636,66987,232,157,7898,110,3486,176242,549077,6445,27529,563102,147061,710163,203879,442688,423135,343955,174560,158041,36454,1782712,672427,2455139,994.0,66.0
Tamil Nadu,Vellore,12.784882632293078,79.02643283582084,605,3936331,1961688,1974643,2773928,1504355,1269573,1689330,1123874,565456,1360185,329145,2247001,175108,391955,136415,985852,3397857,414760,111390,676,438,3514,251,7445,417535,865913,20623,69912,653499,486801,1140300,191963,721473,719731,641585,311434,308514,71127,2965827,891430,3857257,1007.0,70.47
Tamil Nadu,Virudhunagar,9.468872195892564,77.87641469194315,625,1942288,967709,974579,1398788,760375,638413,950158,579111,371047,854066,96092,992130,57153,208702,35298,649005,1822626,47838,67405,245,87,98,75,3914,235005,505950,10219,37357,363782,370942,734724,163264,398670,317054,230321,138306,167506,35156,1450277,403246,1853523,1007.0,72.02
Tripura,Dhalai,23.781360477941163,91.94654283088232,291,378230,194544,183686,276217,151643,124574,155831,105657,50174,108259,47572,222399,45956,42201,2870,64804,307120,8256,22940,175,39120,85,206,328,5532,46875,273,5067,89457,14071,103528,64515,84516,74015,21430,9157,6425,890,260948,109130,370078,944.0,73.03
Tripura,North Tripura,24.121739755351683,92.17842538226292,292,693947,352860,341087,520402,275646,244756,248667,186034,62633,186105,62562,445280,49286,43977,7088,148316,507967,105737,44062,151,34717,307,70,936,19631,81601,997,10310,150437,42184,192621,129329,179547,158211,47160,22720,18419,3736,559122,156840,715962,967.0,74.99
Tripura,South Tripura,23.211874098057383,91.6065807585568,290,876001,447544,428457,646810,351082,295728,366845,253229,113616,258457,108388,509156,85530,111332,6375,163608,736015,49258,39258,245,49420,106,808,891,20246,133744,948,10393,219171,44906,264077,129846,223185,204201,70173,31690,26870,5160,691125,188363,879488,957.0,73.84
Tripura,West Tripura,23.780166241299337,91.41310788863107,289,1725739,879428,846311,1361354,722998,638356,698178,500406,197772,524198,173980,1027561,115175,156108,25163,401732,1512801,152791,53622,499,2128,362,430,3106,103228,314567,6394,36186,289621,217016,506637,248343,421485,451563,156277,88122,85405,13478,1464673,279053,1743726,962.0,78.89
Uttar Pradesh,Agra,26.99512974910393,78.05278291517321,146,4418797,2364953,2053844,2680510,1614594,1065916,1389844,1119701,270143,1050562,339282,3028953,285471,234455,94184,775734,3922718,411313,10076,12057,4049,21508,384,36692,251013,536402,27183,82012,496971,406852,903823,600839,904836,647340,450571,317618,199395,20781,3141380,963202,4104582,868.0,60.66
Uttar Pradesh,Aligarh,27.93748576850093,78.00146831119557,143,3673889,1951996,1721893,2092567,1283380,809187,1174361,929337,245024,865799,308562,2499528,281501,267197,78566,547097,2904140,729283,7635,5875,2582,2805,91,21478,153283,268120,13634,58336,582117,275942,858059,456870,491605,443958,334738,216997,172585,20498,2137251,1352181,3489432,882.0,56.96
Uttar Pradesh,Allahabad,25.392038662316445,82.05172446982063,175,5954391,3131807,2822584,3665727,2199340,1466387,2111907,1426110,685797,1286732,825175,3842484,474283,541146,185877,910601,5102041,796756,13782,4377,4391,2247,305,30492,204357,391542,24122,85491,983266,265304,1248570,823863,934881,738076,596615,502826,428871,36764,4061896,1756098,5817994,901.0,61.56
Uttar Pradesh,Ambedkar Nagar,26.39119025974028,82.68282142857147,178,2397888,1212410,1185478,1486939,846676,640263,787398,547406,239992,440998,346400,1610490,213814,301120,58520,213944,1985654,401678,2536,869,1817,235,33,5066,21512,99581,2509,27308,501559,65031,566590,342667,392873,353570,247028,172872,194387,15458,1718855,813502,2532357,978.0,62.01
Uttar Pradesh,Auraiya,26.66892394014961,79.42637057356607,162,1379545,740040,639505,930836,546198,384638,442023,364543,77480,325721,116302,937522,166731,151727,12533,111032,1273546,101963,1004,371,332,228,444,1657,32687,65479,2404,14279,255836,58438,314274,133123,291837,282449,168866,101542,79012,6531,1063360,276224,1339584,864.0,67.47
Uttar Pradesh,Azamgarh,26.008290954773837,83.01220251256285,191,4613913,2285004,2328909,2771917,1559414,1212503,1372032,941890,430142,784272,587760,3241881,425630,452055,115991,378356,3878626,718692,3810,719,5652,183,226,6005,49699,183381,6652,47324,891024,80434,971458,831966,1344726,879745,489060,312571,158303,8087,4024458,1218146,5242604,1019.0,60.08
Uttar Pradesh,Baghpat,29.045793499999988,77.30266300000001,139,1303048,700070,602978,797970,489858,308112,416695,342604,74091,334519,82176,886353,124718,74500,20347,197130,917474,364583,1840,483,161,16139,25,2343,44732,119121,2989,19999,246055,69991,316046,139646,272939,215070,132197,79475,44164,3730,887221,376700,1263921,861.0,61.24
Uttar Pradesh,Bahraich,27.691776300578027,81.46779783237004,180,3487731,1843884,1643847,1398368,878285,520083,1152160,895576,256584,743452,408708,2335571,430227,482897,37965,201071,2291892,1169330,6400,8212,2793,1177,38,7889,38940,85814,2681,35463,698520,61742,760262,447648,493760,215939,104762,65106,47690,7028,1381933,1920966,3302899,892.0,40.09
Uttar Pradesh,Ballia,25.86075638297873,84.03651978723408,193,3239774,1672902,1566872,1963590,1160960,802630,1019483,723060,296423,569522,449961,2220291,206228,384432,72194,356629,3004240,213440,4463,892,1595,233,64,14847,62157,119972,4672,42969,564927,64454,629381,436021,515010,443440,409484,323582,200434,20283,2348254,1032533,3380787,937.0,60.61
Uttar Pradesh,Balrampur,27.449076537911324,82.47158326180256,182,2148665,1114721,1033944,868357,544943,323414,760253,534332,225921,458727,301526,1388412,276614,328768,29916,124955,1333242,805975,3228,900,1866,198,87,3169,16229,57400,1551,15510,410070,35768,445838,379253,227932,122911,65516,40633,37109,2777,876131,1332817,2208948,928.0,40.41
Uttar Pradesh,Banda,25.351885902503284,80.52487391304344,170,1799410,965876,833534,1002937,630626,372311,701689,485314,216375,483232,218457,1097721,251755,273458,19098,157378,1637549,157612,1367,231,168,916,50,1517,26907,73522,1655,18612,378056,67569,445625,325773,415195,249238,114783,61702,63112,5728,1235531,588025,1823556,863.0,55.74
Uttar Pradesh,Bara Banki,26.922777025232424,81.35762350597606,176,3260699,1707073,1553626,1692458,1010518,681940,1192850,871241,321609,834294,358556,2067849,458479,421973,77235,235163,2505444,737106,4857,2090,1553,3016,211,6422,60554,108116,3159,26293,635840,79068,714908,533140,420824,350564,197780,132332,113799,12281,1760720,1540841,3301561,910.0,51.9
Uttar Pradesh,Bareilly,28.51101940789474,79.43187072368416,150,4448359,2357665,2090694,2191759,1342697,849062,1401971,1153006,248965,1043912,358059,3046388,365985,326376,131699,577911,2830768,1536534,14822,28187,4371,931,339,32407,210687,272830,15164,56575,631613,362798,994411,717585,641251,442110,272840,172554,146446,16806,2409592,1744527,4154119,887.0,49.27
Uttar Pradesh,Basti,26.833880454545447,82.69790590909092,185,2464464,1255272,1209192,1393783,819719,574064,783688,558642,225046,443724,339964,1680776,296928,282260,36856,167644,2082976,364510,3493,900,9753,107,99,2626,37593,108101,3423,30244,513960,31065,545025,470355,349221,324085,211477,162961,143642,13030,1674771,1021192,2695963,963.0,56.56
Uttar Pradesh,Bijnor,29.313974259681096,78.45098815489754,134,3682713,1921215,1761498,2135393,1241471,893922,1088036,921497,166539,839778,248258,2594677,232158,311489,52549,491840,2032081,1585210,6184,50624,1736,2134,41,4703,128042,268353,7303,37341,683875,224648,908523,498971,827447,549594,255028,159528,148185,14658,2453411,1308683,3762094,917.0,57.98
Uttar Pradesh,Bulandshahr,28.34875862068968,78.01082758620684,142,3499171,1845260,1653911,2031656,1253314,778342,1173260,897815,275445,885216,288044,2325911,332475,241137,65937,533711,2707195,777407,4088,2765,669,1572,86,5389,124641,223922,7865,38225,658449,221628,880077,443641,540754,475146,338138,217882,151182,17796,2184539,1185318,3369857,896.0,58.06
Uttar Pradesh,Chandauli,25.1180859611231,83.25307062634984,196,1952756,1017905,934851,1174606,699454,475152,652543,462971,189572,341927,310616,1300213,125980,248674,58552,219337,1727869,215081,2153,1389,340,100,1175,4649,32433,99602,3492,20762,344937,50822,395759,295979,367768,276638,196240,135962,88299,7586,1368472,543247,1911719,918.0,60.15
Uttar Pradesh,Chitrakoot,25.159924623803,81.07666087551297,171,991730,527721,464009,531072,330339,200733,394197,254977,139220,282614,111583,597533,160094,150695,12555,70853,955372,34559,693,63,101,285,27,630,11637,41046,827,9437,207237,23558,230795,168472,174106,124256,69641,40266,35826,3660,616227,383908,1000135,879.0,53.55
Uttar Pradesh,Deoria,26.42218856548857,83.8244070686071,190,3100946,1537436,1563510,1875239,1079288,795951,876246,639073,237173,455382,420864,2224700,238237,291016,50418,296575,2730957,358539,3626,818,1182,209,146,5469,60348,150001,4469,36068,597778,67928,665706,602403,473097,449571,372031,277548,194341,23334,2392325,1130108,3522433,1017.0,60.47
Uttar Pradesh,Etah,27.591155309734443,78.70021858407083,201,1774480,947339,827141,1055202,647042,408160,545984,440244,105740,415476,130508,1228496,242396,131779,28396,143413,1611126,146346,2464,708,2887,5671,18,5260,37027,69591,2635,19712,334246,67752,401998,238019,214091,201984,178434,119665,88607,8092,1048892,718310,1767202,873.0,59.47
Uttar Pradesh,Etawah,26.78817670157068,79.07621806282728,161,1581810,845856,735954,1062003,623583,438420,506072,413713,92359,361588,144484,1075738,170827,158026,20803,156416,1457892,113961,1362,1045,1733,3917,94,1806,47520,113098,2964,21506,265643,85483,351126,171216,292852,298700,195192,121283,118571,13400,1211214,397708,1608922,870.0,67.14
Uttar Pradesh,Faizabad,26.60589185185181,82.00783530864202,177,2470996,1259628,1211368,1450901,838339,612562,831209,597888,233321,496579,334630,1639787,260406,272734,43505,254564,2094271,365806,3225,1912,737,358,185,4502,58328,127754,4746,28625,510378,79288,589666,356093,361114,347114,231129,176303,179996,18947,1670696,981915,2652611,962.0,58.72
Uttar Pradesh,Farrukhabad,27.45063297872342,79.4406284574468,159,1885204,1006240,878964,1092677,654827,437850,592267,494545,97722,474686,117581,1292937,245089,135679,43528,167971,1596278,276846,3137,3160,3161,487,100,2035,59209,88081,2624,18733,316647,94843,411490,270550,330084,257279,184298,115069,110391,9368,1277039,710960,1987999,874.0,57.96
Uttar Pradesh,Fatehpur,25.8374362030905,80.85416203090509,172,2632733,1384722,1248011,1512166,911003,601163,1063929,713736,350193,670156,393773,1568804,328758,425366,51555,258250,2274674,350700,2201,402,172,199,47,4338,43492,75263,3385,33501,558807,77733,636540,409875,463642,376472,227119,134445,116445,10212,1738210,895178,2633388,901.0,57.44
Uttar Pradesh,Firozabad,27.20963993055552,78.42660624999998,147,2498156,1332046,1166110,1521806,912314,609492,761521,621840,139681,573649,187872,1736635,184595,150221,59942,366763,2140745,314812,3370,1804,3395,19077,61,14892,100919,196080,5834,31797,349747,185621,535368,324525,416295,368905,277163,166249,108627,11313,1673077,672115,2345192,875.0,60.92
Uttar Pradesh,Gautam Buddha Nagar,28.393311038961038,77.52462467532465,141,1648115,890214,757901,1122947,666065,456882,569109,443384,125725,458492,110617,1079006,72668,48845,35400,412196,1394025,215500,7366,9261,895,4518,91,16459,193902,257586,53181,87188,170835,338935,509770,201277,330623,283031,218587,194796,101645,5058,1335017,342284,1677301,851.0,68.14
Uttar Pradesh,Ghaziabad,28.74997308584685,77.67441879350343,140,4681645,2488834,2192811,3123264,1811397,1311867,1520538,1231615,288923,1252911,267627,3161107,158868,123680,83672,1154318,3414427,1186776,19026,23001,3487,16412,265,18251,501592,695130,78116,179552,355407,836316,1191723,534606,858286,797473,597661,475439,255949,26399,3545813,885070,4430883,881.0,66.71
Uttar Pradesh,Ghazipur,25.624724775583484,83.5360854578097,195,3620268,1855075,1765193,2197549,1293553,903996,1204602,808700,395902,766881,437721,2415666,368943,435934,68254,331471,3233790,368153,4181,810,3145,213,184,9792,36798,105767,5309,50180,700173,61467,761640,566504,691057,563310,449909,334003,186306,12795,2803884,1008996,3812880,952.0,60.7
Uttar Pradesh,Gonda,27.157215552099505,82.0226888024882,183,3433919,1787146,1646773,1679994,1034181,645813,1170552,855848,314704,739663,430889,2263367,440340,431532,65299,233381,2739076,678615,4735,1893,649,338,57,8556,45517,104084,4313,31811,673578,52794,726372,678171,425584,305644,192664,144067,118176,8722,1873028,1620782,3493810,921.0,48.92
Uttar Pradesh,Gorakhpur,26.63315886792452,83.3549560377358,188,4440895,2277777,2163118,2700328,1593890,1106438,1351629,1016876,334753,746381,605248,3089266,255660,454931,82965,558073,4009037,403847,9662,2123,2848,460,207,12711,149727,296619,14597,65360,761958,189170,951128,873031,618398,560246,425913,316166,273903,36253,3103910,1453960,4557870,950.0,60.81
Uttar Pradesh,Hamirpur,25.738158381502892,79.82619479768789,28,454768,217070,237698,358091,180555,177536,241931,118724,123207,126153,115778,212837,147103,8824,3347,82657,449412,3711,243,591,95,293,9,414,34978,104120,2521,7525,196116,15232,211348,37327,71107,72114,91184,64363,35620,5263,376978,72551,449529,1095.0,78.74
Uttar Pradesh,Hamirpur,25.738158381502892,79.82619479768789,168,1104285,593537,510748,653299,408125,245174,443655,308527,135128,290375,153280,660630,130314,181449,19876,112016,1010014,91269,814,196,74,41,273,1604,20175,55929,1196,11037,256081,55300,311381,159593,238344,211029,103334,59914,59612,4094,835920,364848,1200768,861.0,59.16
Uttar Pradesh,Hardoi,27.337409090909137,80.26411767676768,155,4092845,2191442,1901403,2221601,1374587,847014,1318946,1091952,226994,969871,349075,2773899,596813,406830,59649,255654,3508131,556219,5822,5688,6671,446,98,9770,60689,95508,3845,32065,786613,121064,907677,741817,906861,510507,247265,138583,103523,9048,2657604,1481604,4139208,868.0,54.28
Uttar Pradesh,Jalaun,26.067954587155988,79.36686911314993,165,1689974,906092,783882,1075196,653430,421766,620764,470969,149795,420266,200498,1069210,196613,243035,26109,155007,1509708,171581,1148,463,2875,256,145,3798,42616,104176,2217,18615,304856,91565,396421,169207,327534,282919,167911,104699,106888,10399,1169557,461666,1631223,865.0,63.62
Uttar Pradesh,Jaunpur,25.70141280913127,82.54315351934063,194,4494204,2220465,2273739,2731677,1565394,1166283,1437375,934157,503218,896547,540828,3056829,540762,436792,88404,371417,3981502,483750,4947,1286,7898,349,114,14358,56508,181467,8002,52398,926088,80582,1006670,665376,939616,769693,520111,353996,256398,25909,3531099,1344789,4875888,1024.0,60.78
Uttar Pradesh,Jhansi,25.45581535234902,78.89954580536917,166,1998603,1057436,941167,1304513,783705,520808,814914,565357,249557,560041,254873,1183689,228881,248072,48648,289313,1823930,147842,7050,4951,1203,7328,311,5988,94342,183340,8517,40774,309592,195321,504913,184997,370685,341371,186348,99814,92586,11783,1287584,483088,1770672,890.0,65.27
Uttar Pradesh,Jyotiba Phule Nagar,28.870498984771597,78.39009365482241,137,1840221,963449,876772,983110,600541,382569,599089,459037,140052,453567,145522,1241132,217672,131877,31600,217940,1075440,750368,5952,5295,189,517,21,2439,55064,89329,2825,18303,335888,115486,451374,251669,352835,230640,161282,164763,69522,3021,1233732,520215,1753947,910.0,53.42
Uttar Pradesh,Kannauj,26.993988617886185,79.64437940379408,160,1656616,881776,774840,1017087,603596,413491,524676,430934,93742,419027,105649,1131940,239350,129517,51330,104479,1375788,273967,1263,504,2033,606,65,2390,32510,61491,2488,18082,299785,65985,365770,237853,283674,263749,175582,107628,95072,7194,1170752,543034,1713786,879.0,61.4
Uttar Pradesh,Kanpur Dehat,26.43047641196011,79.98710083056478,163,1796184,963255,832929,1170243,692964,477279,628864,493991,134873,448651,180213,1167320,224986,234069,20783,149026,1612968,176327,1300,478,819,155,103,4034,23831,49753,2682,25354,363933,41323,405256,235341,344866,341845,223529,157167,97740,5930,1406418,475166,1881584,865.0,65.15
Uttar Pradesh,Kaushambi,25.53587532051282,81.41811282051287,174,1599596,838485,761111,813424,507279,306145,639086,402644,236442,415312,223774,960510,141102,321410,30491,146083,1372381,220423,2225,522,687,545,3,2810,22034,43753,1503,15029,349856,30764,380620,184229,253910,180825,146757,89011,45341,5115,905188,670750,1575938,908.0,50.85
Uttar Pradesh,Kushinagar,26.892530675909864,83.92261542461007,189,3564544,1818055,1746489,1954820,1183722,771098,1116973,804857,312116,523258,593715,2447571,265686,528388,57049,265850,2928462,620244,5006,767,4619,383,133,4930,29304,127331,3486,35931,742324,42775,785099,836856,424892,367405,249265,170911,119625,11970,2180924,1550315,3731239,961.0,54.84
Uttar Pradesh,Lalitpur,24.58877161016945,78.60082330508473,167,1221592,641011,580581,641191,397586,243605,503351,326783,176568,357033,146318,718241,267580,131354,14882,89535,1163804,33724,1351,1034,69,20390,41,1179,20720,77082,1079,9906,258013,43819,301832,185575,202692,154118,61543,32237,34658,3535,674358,509536,1183894,906.0,52.49
Uttar Pradesh,Lucknow,26.838233589251463,80.89706026871404,157,4589838,2394476,2195362,3127260,1742440,1384820,1542806,1226399,316407,1152285,390521,3047032,175578,203029,99863,1064336,3537787,985070,20493,23883,3877,4975,504,13249,469747,582769,68506,152257,344155,717566,1061721,489898,554301,552171,428121,378742,639260,52132,3094625,1146880,4241505,917.0,68.13
Uttar Pradesh,Mahoba,25.34529670138888,79.67863003472216,169,875958,466358,409600,488106,302283,185823,349676,237153,112523,238712,110964,526282,114244,130422,13523,91487,815142,57454,965,389,94,234,157,1523,12874,42936,1316,11298,198298,48525,246823,119002,141201,131165,60400,33810,37165,3926,526669,403649,930318,878.0,55.72
Uttar Pradesh,Mainpuri,27.17386862302482,79.03501851015807,148,1868529,993377,875152,1203885,712110,491775,560840,466067,94773,424782,136058,1307689,270888,137174,24784,127994,1746649,100723,1729,475,8814,4161,38,5940,43074,79022,2642,24451,338475,72783,411258,234774,353287,319158,230731,144516,111696,12281,1406443,519493,1925936,881.0,64.43
Uttar Pradesh,Mathura,27.59390432801821,77.62153416856502,145,2547184,1367125,1180059,1507746,943346,564400,840939,635142,205797,594799,246140,1706245,235886,179248,44453,381352,2310776,216933,3179,2872,883,2056,126,10359,107867,281239,8726,37596,407488,177802,585290,303291,420976,344961,233264,155937,103102,10262,1571793,691359,2263152,863.0,59.19
Uttar Pradesh,Mau,26.01082203791469,83.50582654028433,192,2205968,1114709,1091259,1363044,773082,589962,696747,475413,221334,396438,300309,1509221,145225,212343,118614,220565,1769937,428555,2109,340,564,155,129,4179,40087,149908,2656,26716,352207,99321,451528,344570,410737,320743,256784,209493,150462,15771,1708560,659237,2367797,979.0,61.79
Uttar Pradesh,Meerut,29.02957625698323,77.80611005586593,138,3443689,1825743,1617946,2141488,1254520,886968,1090539,898810,191729,890810,199729,2353150,196068,153995,63096,677380,2183255,1185643,10582,24912,1855,18544,236,18662,236071,425624,23717,69473,381520,422303,803823,412280,495861,469403,359944,254337,275076,36096,2302997,990312,3293309,886.0,62.19
Uttar Pradesh,Mirzapur,25.10207959183675,82.60126628571429,199,2496970,1312302,1184668,1428683,865837,562846,881996,613061,268935,537091,344905,1614974,178132,334372,80246,289246,2292534,195765,2373,1133,341,701,27,4096,43500,145997,4447,24518,465152,77963,543115,361642,421577,340261,232189,177109,140668,17680,1691126,868542,2559668,903.0,57.22
Uttar Pradesh,Moradabad,28.851770406189537,78.73580193423597,135,4772006,2503186,2268820,2263848,1357435,906413,1417811,1193439,224372,1104968,312843,3354195,368638,338384,88733,622056,2488265,2248392,13157,7555,1260,2426,382,10569,179473,281758,11690,61846,692398,355518,1047916,635957,725118,492338,296210,186311,186489,23372,2545795,2097292,4643087,906.0,47.44
Uttar Pradesh,Muzaffarnagar,29.470507977736563,77.64017847866423,133,4143512,2193434,1950078,2417339,1448528,968811,1291644,1081569,210075,1085491,206153,2851868,336049,323641,45952,586002,2382914,1711453,6495,18601,1516,16345,60,6128,147785,368153,10077,56149,673746,296104,969850,826387,780470,531913,281747,148770,98691,5608,2673586,1431537,4105123,889.0,58.34
Uttar Pradesh,Pilibhit,28.52024175035868,79.90103974175037,151,2031007,1072002,959005,1061095,654290,406805,618605,534939,83666,463415,155190,1412402,216476,224192,22782,155155,1449007,489686,3510,84787,360,138,45,3474,47723,83006,2870,18097,371752,89638,461390,294135,281158,240057,117838,77602,66129,9713,1086632,977839,2064471,895.0,52.24
Uttar Pradesh,Pratapgarh,25.864842731707316,81.93530048780492,131,867848,437744,430104,401515,250122,151393,481294,251691,229603,327445,153849,386554,306419,96815,5516,72544,827293,25597,358,72,32,14077,27,392,17984,71612,716,5961,209813,24269,234082,142397,111276,70969,35206,21854,19109,2137,402948,488621,891569,983.0,46.27
Uttar Pradesh,Pratapgarh,25.864842731707316,81.93530048780492,173,3209141,1606085,1603056,1931559,1121381,810178,1066601,704569,362032,553013,513588,2142540,305746,386563,68642,305650,2731351,452394,3920,1451,7795,746,43,11441,46358,140538,5149,34400,711085,41701,752786,427626,558350,456752,332742,238011,197846,20047,2231374,1059636,3291010,998.0,60.19
Uttar Pradesh,Rae Bareli,26.253902840059787,81.22260463378181,158,3405559,1752542,1653017,1965843,1165965,799878,1204710,867393,337317,644869,559841,2200849,316891,507882,60774,319163,2975998,413243,3634,2424,722,397,602,8539,65080,247856,5184,34788,705025,73393,778418,540661,538301,477689,270775,182823,153041,15662,2178952,1286726,3465678,943.0,57.72
Uttar Pradesh,Rampur,28.83244727272725,79.10977333333337,136,2335819,1223889,1111930,1043666,630408,413258,737261,609693,127568,564266,172995,1598558,214187,230238,54238,238598,1073890,1181337,9201,65316,384,1307,63,4321,62281,131112,3847,25960,396775,143217,539992,278477,374898,171242,85117,51703,43839,3169,1008445,1235413,2243858,909.0,44.68
Uttar Pradesh,Saharanpur,30.03381165217392,77.59905147826095,132,3466382,1834106,1632276,2077108,1220114,856994,1037344,911136,126208,882701,154643,2429038,221567,273050,34032,508695,1966892,1454052,6523,18627,1937,10208,135,8008,149035,404499,9699,38816,605082,284156,889238,474060,600668,431491,256510,163463,154153,10083,2090428,1279517,3369945,890.0,59.92
Uttar Pradesh,Sant Kabir Nagar,26.791596516393444,83.0387764344262,186,1715183,869656,845527,954949,567098,387851,539469,383482,155987,265453,274016,1175714,149604,241825,28884,119156,1300586,404410,1766,447,4393,95,35,3451,17671,79525,2031,19729,324972,27179,352151,341757,290532,205875,129442,86528,63506,8882,1126522,683053,1809575,972.0,55.68
Uttar Pradesh,Shahjahanpur,27.991389350649328,79.8302275324675,152,3006538,1606403,1400135,1490930,915142,575788,892214,783313,108901,699503,192711,2114324,344973,275192,31141,240908,2412595,527581,4630,51090,2312,301,84,7945,91958,115163,3889,27533,520289,134714,655003,451571,476064,315873,158430,96308,87355,8885,1594486,1324615,2919101,872.0,49.59
Uttar Pradesh,Sitapur,27.501995963091108,80.85288881199547,154,4483992,2375264,2108728,2283733,1397702,886031,1422602,1171252,251350,1023642,398960,3061390,571097,473554,70971,306980,3555450,893725,6579,11611,2663,1410,79,12475,74072,102040,3874,34609,827583,111319,938902,714304,656401,482220,221898,136383,127750,8775,2347731,2141696,4489427,888.0,50.93
Uttar Pradesh,Sonbhadra,24.46693268858798,83.06816324951639,200,1862559,971344,891215,985708,601988,383720,730399,463611,266788,397196,333203,1132160,141007,371261,29417,188714,1738769,103567,3963,1649,1747,487,1907,10470,40467,95582,5149,25220,337048,91040,428088,306218,297226,212565,120822,82614,63846,9357,1092648,745126,1837774,918.0,52.92
Uttar Pradesh,Sultanpur,26.2846386419753,82.05710456790123,179,3797117,1914586,1882531,2239902,1300248,939654,1242632,869838,372794,690967,551665,2554485,338890,501634,85785,316323,3119590,650261,4453,1629,9989,426,336,10433,55055,233701,5956,44008,839737,49891,889628,460210,637015,526973,306046,188848,176414,15277,2310783,1118891,3429674,983.0,58.99
Uttar Pradesh,Unnao,26.63163990895297,80.636773292868,156,3108367,1630087,1478280,1773584,1053063,720521,1124744,851014,273730,761831,362913,1983623,450123,332663,49243,292715,2732016,363453,3574,1204,920,240,31,6929,70484,99466,3476,28719,596317,121039,717356,501457,512965,415378,240024,136688,101934,7173,1915619,1130103,3045722,907.0,57.06
Uttar Pradesh,Varanasi,25.36057088888889,82.82529666666672,197,3676841,1921857,1754984,2403903,1389116,1014787,1220708,921234,299474,920761,299947,2456133,197952,182146,168764,671846,3107681,546987,7696,3309,1146,1898,298,7826,202055,336056,19214,57583,438935,316129,755064,467782,608174,557052,447926,351391,281652,34841,2748818,906367,3655185,913.0,65.38
Uttaranchal,Almora,29.683532133676103,79.50165064267351,64,622506,291081,331425,436497,231604,204893,298211,142460,155751,201078,97133,324295,207617,10274,4312,76008,611250,7752,1895,256,201,31,6,1115,40199,109876,1830,9858,260056,21082,281138,90864,120029,115810,76148,53026,37742,2263,495882,109556,605438,1139.0,70.12
Uttaranchal,Bageshwar,29.98703393393397,79.83954354354357,63,259898,124326,135572,179483,97546,81937,123638,58708,64930,78085,45553,136260,85125,8985,2991,26537,257509,1440,397,46,102,7,16,381,13352,47083,435,3595,96031,3880,99911,38113,47788,50340,31224,20785,10900,675,199825,49539,249364,1090.0,69.06
Uttaranchal,Chamoli,30.58338611464965,79.56281095541402,57,391605,193991,197614,280556,155395,125161,180940,93832,87108,115115,65825,210665,121157,3845,5384,50554,385818,4395,428,323,190,11,23,417,27853,71524,899,5582,163434,22906,186340,47447,68435,67519,47703,32557,27168,2367,293196,61950,355146,1019.0,71.64
Uttaranchal,Champawat,29.29142393939393,80.07720212121217,65,259648,131125,128523,177726,102015,75711,99566,60427,39139,62698,36868,160082,59993,4032,1570,33971,249563,8693,870,336,24,28,6,128,18785,37725,548,3159,85202,12839,98041,36127,48093,45766,23610,18360,15110,1317,188383,62429,250812,980.0,68.45
Uttaranchal,Pithoragarh,30.14720631868129,80.34229230769236,62,483439,239306,244133,345550,189623,155927,216490,113539,102951,145481,71009,266949,137332,5432,6055,67671,475105,6015,1401,260,185,13,30,430,45365,95421,1344,7932,183687,26256,209943,63591,87585,90983,56591,42086,28375,2237,371448,88036,459484,1020.0,71.48
Uttaranchal,Tehri Garhwal,30.463700918635173,78.48783792650917,59,618931,297986,320945,407994,227406,180588,280442,140821,139621,165912,114530,338489,187121,8129,4021,81171,609835,7374,656,290,32,91,109,544,50929,117239,1366,7831,227059,27177,254236,72163,103462,95417,74008,58434,30704,2073,436261,133013,569274,1077.0,65.92
Uttaranchal,Udham Singh Nagar,29.02779577677222,79.45629004524895,67,1648902,858783,790119,1037839,598525,439314,591458,444578,146880,450762,140696,1057444,122686,165250,26396,277126,1104452,372267,6064,162768,505,738,159,1949,116576,254802,7883,28053,269406,145253,414659,179602,302653,232381,169274,113661,111062,11786,1120419,438598,1559017,920.0,62.94
Uttaranchal,Uttarkashi,30.968958552036234,78.56880615384617,56,330086,168597,161489,215126,128237,86889,157276,84265,73011,128367,28909,172810,117264,4387,3122,32503,324859,3554,353,167,563,74,105,411,21374,52621,602,4104,112148,9061,121209,43442,46625,47640,30901,24989,18882,981,213460,83896,297356,958.0,65.17
West Bengal,Bankura,23.081280892857155,87.12640053571437,339,3596674,1838095,1758579,2232992,1299337,933655,1466220,1050822,415398,916393,549827,2130454,309723,647374,61386,447737,3033581,290450,3865,386,260,2904,260694,4534,45126,334670,4273,34128,900515,90885,991400,450029,545200,686924,261478,143882,133465,20379,2241357,1417787,3659144,957.0,62.08
West Bengal,Barddhaman,23.444453888888884,87.8150581111111,335,7717563,3966889,3750674,5247208,2918040,2329168,2911251,2293083,618168,2166742,744509,4806312,342166,973182,124558,1471345,6008472,1599764,21220,16675,1602,1674,44968,23188,292585,1049943,32323,141387,1364868,862368,2227236,800473,1437198,1605634,698251,405935,439823,62616,5449930,2196886,7646816,945.0,67.99
West Bengal,Birbhum,24.06389342723,87.65153089201888,334,3502404,1790920,1711484,2158447,1201481,956966,1331603,1029770,301833,912844,418759,2170801,227254,611510,65062,427777,2181515,1298054,10906,582,258,1152,6051,3886,57010,333752,5210,39636,831044,134565,965609,417769,661190,622372,245201,122865,115743,15205,2200345,1346802,3547147,956.0,61.63
West Bengal,Dakshin Dinajpur,25.342094363021435,88.69821679819614,331,1676276,857199,819077,1083685,596474,487211,702987,499560,203427,526470,176517,973289,193276,279932,32290,197489,1232850,412788,24794,276,148,323,2786,2311,37186,168069,2518,24318,390949,70077,461026,247675,323965,327064,135556,63286,52345,5190,1155081,534394,1689475,956.0,64.65
West Bengal,Darjiling,26.839619571045585,88.33145067024122,327,1846823,937259,909564,1315585,717673,597912,683726,479586,204140,532855,150871,1163097,76178,66041,16579,524928,1366681,105086,141848,2032,209240,1840,15523,4573,141897,297176,10943,38065,303284,215675,518959,183479,344865,402415,176129,113905,110193,12851,1343837,415353,1759190,970.0,71.24
West Bengal,Haora,22.401674174428507,87.99421176968654,341,4850029,2500819,2349210,3605206,1942824,1662382,1819845,1498170,321675,1496267,323578,3030184,80575,181662,297774,1259834,3535844,1270641,8666,4380,1258,9699,1265,18276,325053,796953,30751,99261,483384,869313,1352697,516323,1059842,1084155,446743,284481,304594,37027,3733165,926661,4659826,939.0,74.33
West Bengal,Hugli,22.87929264705881,88.00010264705891,338,5519145,2814653,2704492,4078388,2211777,1866611,2152870,1713608,439262,1714645,438225,3366275,259680,583380,111828,1197982,4574569,870204,7300,2662,1730,2160,49050,11470,319815,965258,31725,118459,992085,647953,1640038,676265,1172797,1174912,515807,333658,380060,44252,4297751,1180806,5478557,961.0,73.9
West Bengal,Jalpaiguri,26.62642031250004,89.04154375000003,328,3872846,1983064,1889782,2498780,1396622,1102158,1512910,1091361,421549,1153765,359145,2359936,214932,349672,30090,918216,3156781,445817,186279,2994,50676,1461,23816,5022,138522,382500,9322,48818,798378,319426,1117804,455854,765613,814395,292056,150360,129393,18916,2626587,1203423,3830010,953.0,64.52
West Bengal,Kolkata,22.550581481481483,88.3527648148148,342,4496694,2356766,2139928,3588137,1926915,1661222,1795740,1412466,383274,1576419,219321,2700954,16039,12388,68438,1698875,3440290,926414,39758,13849,4771,21178,1452,48982,623579,927602,136618,252644,0,1308106,1308106,255171,597841,820902,555529,425245,691804,89701,3436193,410988,3847181,908.0,79.8
West Bengal,Maldah,25.08026802575105,88.17191684549356,332,3988845,2051541,1937304,2086432,1152019,934413,1537847,1086461,451386,1050995,486852,2450998,255182,545759,196687,540219,1914352,2045151,13209,747,359,639,7929,6459,54213,297716,5357,63525,830318,128678,958996,478902,629137,595551,238078,109719,92207,18330,2161924,1960034,4121958,944.0,52.31
West Bengal,Murshidabad,24.25950655391121,88.16816860465121,333,7103807,3627564,3476243,4055834,2177187,1878647,2589907,1985667,604240,2022083,567824,4513900,381076,842294,466007,900530,2359061,4707573,18102,766,348,3037,7429,7491,92742,541169,7951,79729,1501066,350899,1851965,837828,1428661,1210859,443254,230242,170051,25975,4346870,3031841,7378711,958.0,57.09
West Bengal,Nadia,23.56410971055088,88.58293034547152,336,5167600,2653768,2513832,3480555,1878866,1601689,1842607,1554090,288517,1595880,246727,3324993,308742,556134,169138,808593,3728482,1382682,33835,849,514,281,16893,4064,168314,623729,12787,77210,1081381,468390,1549771,605490,1093403,1052487,412193,236828,209562,25491,3635454,1570127,5205581,947.0,67.35
West Bengal,Puruliya,23.254192328767108,86.3968532876713,340,2930115,1496996,1433119,1624905,1002058,622847,1249642,801254,448388,613398,636244,1680473,268800,492205,87560,401077,2373120,227249,8646,622,209,3052,309029,8188,30675,189889,3551,32862,653219,99433,752652,299355,480046,528068,177459,91807,77621,10072,1664428,1272799,2937227,957.0,55.46
West Bengal,Uttar Dinajpur,26.044619165196977,88.23595232216337,330,3007134,1551066,1456068,1489667,853495,636172,1075626,799627,275999,824342,251284,1931508,257377,442328,37978,337943,1482943,1501170,16702,477,432,1324,1622,2464,39138,199307,2883,31210,683981,94269,778250,402590,488047,422777,163106,73395,59457,12723,1622095,1431264,3053359,939.0,49.54
